Date,Open,High,Low,Close,Adj Close,Volume,Day
"Sep 18, 2024",46.81,47.97,46.45,46.99,46.99,"5,774,467",1258
"Sep 17, 2024",45.96,47.43,45.81,46.68,46.68,"8,579,600",1257
"Sep 16, 2024",45.06,45.9,45.06,45.32,45.32,"7,171,400",1256
"Sep 13, 2024",44.92,45.67,44.85,45.18,45.18,"9,391,400",1255
"Sep 12, 2024",46.28,46.55,42.86,44.27,44.27,"13,658,300",1254
"Sep 11, 2024",43.51,44.34,43.03,44.28,44.28,"6,984,900",1253
"Sep 10, 2024",43.92,44,42.79,43.4,43.4,"7,184,800",1252
"Sep 9, 2024",42.56,44.07,42.56,43.68,43.68,"12,176,000",1251
"Sep 6, 2024",42.14,43.04,41.48,42.03,42.03,"8,498,200",1250
"Sep 5, 2024",42.82,43.89,42.07,42.17,42.17,"18,941,400",1249
"Sep 4, 2024",42.28,42.87,42.16,42.37,42.37,"7,096,300",1248
"Sep 3, 2024",42.1,42.74,42.05,42.37,42.37,"7,690,200",1247
"Aug 30, 2024",41.91,42.61,41.81,42.49,42.49,"8,652,000",1246
"Aug 29, 2024",40.65,41.88,40.64,41.56,41.56,"8,824,200",1245
"Aug 28, 2024",40.78,40.94,40.14,40.43,40.43,"7,586,900",1244
"Aug 27, 2024",41.06,41.13,40.49,40.81,40.81,"5,348,200",1243
"Aug 26, 2024",41.62,41.95,40.81,40.98,40.98,"6,110,900",1242
"Aug 23, 2024",40.44,41.44,40.09,41.38,41.38,"6,033,500",1241
"Aug 22, 2024",40.25,40.74,40.07,40.14,40.14,"4,620,900",1240
"Aug 21, 2024",40.33,40.44,39.91,40.18,40.18,"6,508,200",1239
"Aug 20, 2024",40.5,40.55,40.06,40.12,40.12,"4,108,400",1238
"Aug 19, 2024",40.23,40.6,40.01,40.47,40.47,"5,246,900",1237
"Aug 16, 2024",40.1,40.28,39.79,40.15,40.15,"4,633,800",1236
"Aug 15, 2024",39.33,40.58,39.27,40.18,40.18,"9,742,600",1235
"Aug 14, 2024",39.74,39.87,38.65,38.69,38.69,"5,936,300",1234
"Aug 13, 2024",39.33,39.7,39.1,39.5,39.5,"7,616,400",1233
"Aug 12, 2024",39,39.21,38.81,39.06,39.06,"10,284,000",1232
"Aug 9, 2024",39.52,39.75,38.86,39.3,39.3,"8,279,500",1231
"Aug 8, 2024",37.8,39.71,37.76,39.61,39.61,"9,297,300",1230
"Aug 7, 2024",38.74,38.83,37.29,37.32,37.32,"10,595,700",1229
"Aug 6, 2024",38.23,38.91,37.63,38.22,38.22,"7,541,400",1228
"Aug 5, 2024",37.51,38.73,37.3,37.93,37.93,"19,882,800",1227
"Aug 2, 2024",40.66,40.69,39.59,39.83,39.83,"9,378,300",1226
"Aug 1, 2024",43.32,43.38,40.97,41.5,41.5,"9,729,500",1225
"Jul 31, 2024",43.25,43.94,42.86,43.02,43.02,"7,718,200",1224
"Jul 30, 2024",43.4,44.09,43.09,43.23,43.23,"6,087,700",1223
"Jul 29, 2024",44.13,44.18,43.17,43.18,43.03,"7,832,300",1222
"Jul 26, 2024",43.97,44.28,43.36,44.13,43.98,"8,721,400",1221
"Jul 25, 2024",42.74,44,42.51,43.47,43.32,"9,293,100",1220
"Jul 24, 2024",43.48,43.9,42.81,42.94,42.79,"7,120,100",1219
"Jul 23, 2024",43.84,44.04,43.24,43.61,43.46,"10,772,600",1218
"Jul 22, 2024",44.65,44.92,43.55,43.83,43.68,"14,486,000",1217
"Jul 19, 2024",44.74,45.86,44.05,45.44,45.28,"8,789,800",1216
"Jul 18, 2024",45.75,46.8,44.59,44.92,44.76,"10,441,500",1215
"Jul 17, 2024",45.33,46.03,45.3,45.76,45.6,"7,160,500",1214
"Jul 16, 2024",43.24,46.05,43.16,46.02,45.86,"15,554,000",1213
"Jul 15, 2024",43.61,43.62,42.72,43,42.85,"12,563,800",1212
"Jul 12, 2024",44.46,44.88,43.55,43.62,43.47,"16,717,000",1211
"Jul 11, 2024",43.01,45.03,42.17,44.99,44.83,"33,857,200",1210
"Jul 10, 2024",47.13,47.29,46.48,46.86,46.7,"11,416,100",1209
"Jul 9, 2024",46.37,47.61,46.26,46.89,46.73,"9,369,500",1208
"Jul 8, 2024",46.82,47.3,46.28,46.35,46.19,"7,404,000",1207
"Jul 5, 2024",47.15,47.15,45.96,46.02,45.86,"9,605,500",1206
"Jul 3, 2024",47.15,47.47,46.91,47.39,47.23,"3,543,200",1205
"Jul 2, 2024",47,47.29,46.52,46.71,46.55,"6,361,900",1204
"Jul 1, 2024",47.81,47.9,46.74,46.92,46.76,"9,064,600",1203
"Jun 28, 2024",48.42,48.5,47.03,47.44,47.28,"11,892,900",1202
"Jun 27, 2024",48.15,48.64,47.87,48.6,48.43,"6,504,900",1201
"Jun 26, 2024",47.9,48.47,47.15,48.18,48.01,"10,964,200",1200
"Jun 25, 2024",49.55,49.85,48.68,48.81,48.64,"7,951,400",1199
"Jun 24, 2024",49.42,50.37,49.34,49.4,49.23,"6,695,400",1198
"Jun 21, 2024",49.56,49.6,48.72,49.38,49.21,"9,399,800",1197
"Jun 20, 2024",49.36,49.75,49.28,49.61,49.44,"5,303,100",1196
"Jun 18, 2024",49.58,49.92,49.18,49.58,49.41,"5,026,600",1195
"Jun 17, 2024",48.61,49.78,48.5,49.71,49.54,"5,288,500",1194
"Jun 14, 2024",49.52,49.63,47.42,48.72,48.55,"12,323,500",1193
"Jun 13, 2024",50.41,50.5,49.35,50.17,50,"5,250,400",1192
"Jun 12, 2024",49.95,51.19,49.8,50.62,50.44,"6,810,000",1191
"Jun 11, 2024",50.13,50.19,49.05,49.29,49.12,"7,120,800",1190
"Jun 10, 2024",50.3,50.87,50.01,50.5,50.32,"3,734,700",1189
"Jun 7, 2024",50,50.71,49.99,50.44,50.26,"4,743,500",1188
"Jun 6, 2024",51,51.66,50.3,50.43,50.25,"5,228,700",1187
"Jun 5, 2024",50,51.7,49.8,50.82,50.64,"10,234,100",1186
"Jun 4, 2024",50.6,51.39,49.3,49.86,49.69,"7,232,200",1185
"Jun 3, 2024",51.45,51.64,50.46,50.79,50.61,"5,403,300",1184
"May 31, 2024",50.4,51.08,50.22,51.02,50.84,"7,780,900",1183
"May 30, 2024",50,50.15,49.39,50.11,49.94,"4,911,300",1182
"May 29, 2024",48.93,50,48.28,49.9,49.73,"10,796,100",1181
"May 28, 2024",51.71,51.76,50.2,50.28,50.11,"6,060,800",1180
"May 24, 2024",51.45,51.88,51.11,51.84,51.66,"5,196,300",1179
"May 23, 2024",51.65,51.72,50.52,51.2,51.02,"6,112,500",1178
"May 22, 2024",52.21,52.4,51.14,51.58,51.4,"6,309,900",1177
"May 21, 2024",52.71,52.88,52.02,52.23,52.05,"6,094,900",1176
"May 20, 2024",52.57,53.24,52.55,52.99,52.81,"4,470,500",1175
"May 17, 2024",52.53,53.21,52.43,52.7,52.52,"4,535,300",1174
"May 16, 2024",53.33,53.48,52.47,52.51,52.33,"4,801,100",1173
"May 15, 2024",53.32,53.53,53,53.26,53.07,"5,655,300",1172
"May 14, 2024",53.43,53.51,52.94,53.06,52.88,"5,549,600",1171
"May 13, 2024",52.96,53.86,52.8,52.99,52.81,"7,137,400",1170
"May 10, 2024",52.95,53.15,52.16,52.6,52.32,"6,118,900",1169
"May 9, 2024",52.13,52.9,52.02,52.75,52.47,"4,601,700",1168
"May 8, 2024",52.16,52.75,51.96,52.28,52,"5,125,500",1167
"May 7, 2024",52.14,52.53,52.01,52.2,51.92,"6,583,900",1166
"May 6, 2024",51.96,53,51.68,52.93,52.65,"8,541,200",1165
"May 3, 2024",51.36,51.65,50.82,51.55,51.27,"9,165,900",1164
"May 2, 2024",50.59,51.19,50.24,51.03,50.76,"8,196,100",1163
"May 1, 2024",50.04,50.5,49.28,50.02,49.75,"10,368,700",1162
"Apr 30, 2024",49.84,50.73,49.77,50.07,49.8,"11,063,500",1161
"Apr 29, 2024",49.83,50.74,49.75,50.45,50.18,"9,601,300",1160
"Apr 26, 2024",49.76,50.24,49.18,49.92,49.65,"9,983,000",1159
"Apr 25, 2024",47.29,49.94,46.87,49.88,49.61,"12,946,800",1158
"Apr 24, 2024",49.2,49.27,47.74,47.94,47.68,"10,329,500",1157
"Apr 23, 2024",48.42,49.62,48.2,49.23,48.97,"10,669,300",1156
"Apr 22, 2024",47.8,49.18,47.8,49.02,48.76,"10,442,100",1155
"Apr 19, 2024",47.8,48.75,47.5,47.57,47.31,"9,249,800",1154
"Apr 18, 2024",48,49.21,47.81,47.85,47.59,"12,255,100",1153
"Apr 17, 2024",47.72,48.19,47.15,47.88,47.62,"13,841,600",1152
"Apr 16, 2024",46.6,46.77,45.64,46.55,46.3,"11,692,900",1151
"Apr 15, 2024",47.27,47.82,46.29,46.65,46.4,"12,122,000",1150
"Apr 12, 2024",46.79,46.95,46.09,46.86,46.61,"16,604,500",1149
"Apr 11, 2024",46.74,47.88,46.58,47.63,47.37,"14,073,300",1148
"Apr 10, 2024",47.85,49.24,45.72,46.24,45.99,"34,952,500",1147
"Apr 9, 2024",47.15,47.49,46.43,47.32,47.07,"13,378,200",1146
"Apr 8, 2024",46.32,47.39,46.3,47.01,46.76,"9,977,500",1145
"Apr 5, 2024",45.99,46.46,45.45,46.06,45.81,"7,604,200",1144
"Apr 4, 2024",47.22,48.07,45.66,45.88,45.63,"10,628,300",1143
"Apr 3, 2024",46.79,47.47,46.5,46.57,46.32,"11,209,100",1142
"Apr 2, 2024",47.32,47.43,46.4,46.9,46.65,"9,990,900",1141
"Apr 1, 2024",48.5,49.2,48.21,48.22,47.96,"13,772,800",1140
"Mar 28, 2024",47.3,48.06,47.25,47.87,47.61,"13,599,400",1139
"Mar 27, 2024",46.21,47.5,46.05,47.31,47.06,"10,201,400",1138
"Mar 26, 2024",45.58,46.12,45.44,45.93,45.68,"7,468,400",1137
"Mar 25, 2024",45.48,45.59,44.57,45.42,45.18,"8,827,000",1136
"Mar 22, 2024",46,46.15,45.58,45.59,45.35,"6,664,600",1135
"Mar 21, 2024",45.5,46.05,45.21,46,45.75,"9,868,900",1134
"Mar 20, 2024",43.96,45.45,43.62,45.38,45.14,"9,632,600",1133
"Mar 19, 2024",43.37,43.79,43.22,43.74,43.51,"5,358,600",1132
"Mar 18, 2024",43.33,43.65,42.62,43.44,43.21,"8,313,200",1131
"Mar 15, 2024",42.98,43.49,42.96,43.12,42.89,"8,025,700",1130
"Mar 14, 2024",43.81,43.91,42.77,43.06,42.83,"9,658,300",1129
"Mar 13, 2024",42.68,44.47,42.63,43.91,43.67,"12,386,600",1128
"Mar 12, 2024",42.25,42.76,41.61,42.76,42.53,"15,141,900",1127
"Mar 11, 2024",42.06,42.7,41.95,42.68,42.45,"8,031,400",1126
"Mar 8, 2024",42.83,43.27,42.09,42.24,42.01,"8,220,700",1125
"Mar 7, 2024",42.2,43.24,42.14,42.78,42.55,"9,519,200",1124
"Mar 6, 2024",41.98,42.26,41.73,42.02,41.79,"6,435,500",1123
"Mar 5, 2024",41.25,41.87,41.17,41.8,41.58,"7,123,200",1122
"Mar 4, 2024",41.89,42.46,41.21,41.57,41.35,"8,206,500",1121
"Mar 1, 2024",42.2,42.33,41.53,42.16,41.93,"5,331,100",1120
"Feb 29, 2024",42.17,42.7,41.99,42.27,42.04,"10,294,100",1119
"Feb 28, 2024",41.52,42.12,41.5,42.01,41.78,"7,376,400",1118
"Feb 27, 2024",42.07,42.26,41.76,41.98,41.75,"7,119,400",1117
"Feb 26, 2024",41.76,42.19,41.63,41.79,41.57,"7,783,300",1116
"Feb 23, 2024",41.97,42.01,41.44,41.72,41.5,"9,103,400",1115
"Feb 22, 2024",41,42.39,40.94,42.12,41.79,"12,389,000",1114
"Feb 21, 2024",40.5,40.98,40.12,40.76,40.44,"5,918,300",1113
"Feb 20, 2024",39.97,40.89,39.84,40.6,40.29,"8,190,900",1112
"Feb 16, 2024",40.55,40.63,39.98,40.12,39.81,"7,670,800",1111
"Feb 15, 2024",41.19,41.42,40.8,41,40.68,"7,291,500",1110
"Feb 14, 2024",40.38,41.13,39.95,40.84,40.52,"8,961,800",1109
"Feb 13, 2024",39.84,40.1,39.36,40.01,39.7,"8,855,300",1108
"Feb 12, 2024",40.32,40.94,40.28,40.58,40.27,"6,677,300",1107
"Feb 9, 2024",40.52,40.87,39.96,40.51,40.2,"7,769,400",1106
"Feb 8, 2024",40.3,40.49,39.55,40.35,40.04,"7,611,500",1105
"Feb 7, 2024",40.31,40.42,39.79,40.21,39.9,"6,544,000",1104
"Feb 6, 2024",39.26,40.28,39.04,40.18,39.87,"7,579,200",1103
"Feb 5, 2024",39.44,39.55,38.96,39.24,38.94,"7,931,900",1102
"Feb 2, 2024",39.45,40.13,39.16,39.98,39.67,"7,512,800",1101
"Feb 1, 2024",39.41,39.81,38.6,39.76,39.45,"9,865,500",1100
"Jan 31, 2024",39.39,39.75,38.88,39.14,38.84,"8,183,300",1099
"Jan 30, 2024",39.59,40.03,39.41,39.52,39.21,"6,610,800",1098
"Jan 29, 2024",39.62,40.17,39.34,40.09,39.78,"7,247,500",1097
"Jan 26, 2024",40.26,40.57,39.59,39.63,39.32,"8,126,600",1096
"Jan 25, 2024",39.05,40.31,39.01,40.18,39.87,"19,386,400",1095
"Jan 24, 2024",38.4,38.7,38.03,38.19,37.89,"9,694,900",1094
"Jan 23, 2024",38.06,38.97,37.67,38.01,37.72,"15,332,500",1093
"Jan 22, 2024",37.66,38.18,36.98,36.98,36.69,"11,661,700",1092
"Jan 19, 2024",38.18,38.25,36.69,37.28,36.99,"19,101,400",1091
"Jan 18, 2024",37.3,38.28,37.15,38.09,37.8,"13,540,800",1090
"Jan 17, 2024",37.3,37.97,36.99,37.14,36.85,"11,165,800",1089
"Jan 16, 2024",38.14,38.19,36.34,37.47,37.18,"27,511,600",1088
"Jan 12, 2024",40.15,40.76,38.38,38.47,38.17,"42,208,000",1087
"Jan 11, 2024",41.85,42.37,41.48,42.26,41.93,"10,485,200",1086
"Jan 10, 2024",42.23,42.52,41.98,42.11,41.78,"10,255,600",1085
"Jan 9, 2024",41.4,42.39,41.29,42.32,41.99,"11,894,000",1084
"Jan 8, 2024",41.23,42.1,41.11,41.63,41.31,"11,967,400",1083
"Jan 5, 2024",39.15,40.74,39.06,40.54,40.23,"11,055,300",1082
"Jan 4, 2024",38.74,39.68,38.66,39.2,38.9,"8,355,800",1081
"Jan 3, 2024",39.66,39.8,38.67,38.74,38.44,"11,846,200",1080
"Jan 2, 2024",39.97,40.94,39.57,40.45,40.14,"9,483,800",1079
"Dec 29, 2023",40.53,40.66,39.98,40.23,39.92,"8,620,600",1078
"Dec 28, 2023",40.5,40.72,40.45,40.63,40.32,"4,558,100",1077
"Dec 27, 2023",40.72,40.88,40.4,40.59,40.28,"4,486,400",1076
"Dec 26, 2023",41.01,41.13,40.75,40.76,40.44,"4,722,900",1075
"Dec 22, 2023",41.06,41.28,40.89,41.13,40.81,"6,834,400",1074
"Dec 21, 2023",40.86,41.6,40.77,41.12,40.8,"7,709,400",1073
"Dec 20, 2023",40.77,41.43,40.27,40.34,40.03,"9,695,100",1072
"Dec 19, 2023",41.42,41.71,41.06,41.15,40.83,"7,560,000",1071
"Dec 18, 2023",42,42.18,41.1,41.18,40.86,"8,624,000",1070
"Dec 15, 2023",42.59,42.59,41.98,42.34,42.01,"12,902,100",1069
"Dec 14, 2023",41.53,42.7,41.49,42.44,42.11,"14,530,800",1068
"Dec 13, 2023",40.87,41.36,40.12,41.19,40.87,"12,821,300",1067
"Dec 12, 2023",40.52,41.46,40.52,41.24,40.92,"8,448,900",1066
"Dec 11, 2023",40.41,40.63,40.11,40.51,40.2,"7,295,400",1065
"Dec 8, 2023",40.26,40.74,39.86,40.35,40.04,"8,723,000",1064
"Dec 7, 2023",39.45,40.52,39.41,40.34,40.03,"12,122,600",1063
"Dec 6, 2023",38.24,39.52,38.13,38.94,38.64,"12,499,700",1062
"Dec 5, 2023",37.76,37.93,37.37,37.61,37.32,"7,828,100",1061
"Dec 4, 2023",38,38.66,37.71,38.16,37.87,"9,760,000",1060
"Dec 1, 2023",36.98,38.12,36.97,38.05,37.76,"11,004,100",1059
"Nov 30, 2023",36.71,37.23,36.19,36.93,36.64,"11,392,800",1058
"Nov 29, 2023",36.36,36.92,36.34,36.64,36.36,"9,311,600",1057
"Nov 28, 2023",35.91,36.13,35.46,36.04,35.76,"7,810,200",1056
"Nov 27, 2023",35.89,36,35.67,35.84,35.56,"7,147,100",1055
"Nov 24, 2023",36.16,36.33,35.95,36.1,35.82,"4,392,600",1054
"Nov 22, 2023",36.8,37.04,35.78,35.95,35.67,"12,367,700",1053
"Nov 21, 2023",36.28,36.35,35.7,35.88,35.6,"7,345,000",1052
"Nov 20, 2023",35.95,36.6,35.72,36.5,36.22,"7,784,200",1051
"Nov 17, 2023",35.78,36.09,35.52,36.06,35.78,"8,447,200",1050
"Nov 16, 2023",35.69,36.19,35.28,35.51,35.24,"7,756,300",1049
"Nov 15, 2023",35.51,36.46,35.5,35.76,35.48,"10,580,600",1048
"Nov 14, 2023",35.12,35.49,34.87,35.24,34.97,"10,993,800",1047
"Nov 13, 2023",33.79,34.39,33.69,34.17,33.91,"7,144,400",1046
"Nov 10, 2023",33.6,34.13,33.44,34.06,33.8,"7,536,700",1045
"Nov 9, 2023",34.42,34.63,33.31,33.48,33.22,"8,513,100",1044
"Nov 8, 2023",33.75,34.71,33.72,34.17,33.91,"14,144,100",1043
"Nov 7, 2023",33.01,33.52,32.61,33.44,33.18,"10,497,700",1042
"Nov 6, 2023",33.63,33.73,32.46,32.92,32.67,"8,225,800",1041
"Nov 3, 2023",32.56,33.53,32.51,33.35,33.09,"12,302,100",1040
"Nov 2, 2023",31.66,32.09,31.57,32.02,31.77,"9,711,700",1039
"Nov 1, 2023",31.39,31.6,30.84,31.11,30.87,"9,336,700",1038
"Oct 31, 2023",31.14,31.32,30.76,31.25,31.01,"9,104,300",1037
"Oct 30, 2023",30.85,31.4,30.85,31.23,30.99,"10,783,100",1036
"Oct 27, 2023",31.76,31.8,30.6,30.65,30.41,"10,826,500",1035
"Oct 26, 2023",31.48,32,31.18,31.6,31.36,"10,230,800",1034
"Oct 25, 2023",31.86,31.93,31.33,31.41,31.17,"11,186,400",1033
"Oct 24, 2023",32.1,32.45,31.89,32.02,31.77,"8,662,800",1032
"Oct 23, 2023",32,32.59,31.78,32.04,31.79,"12,427,600",1031
"Oct 20, 2023",32.59,32.72,32.19,32.23,31.98,"8,358,800",1030
"Oct 19, 2023",33.21,33.62,32.66,32.71,32.46,"13,407,100",1029
"Oct 18, 2023",34.1,34.1,33.02,33.14,32.88,"14,724,500",1028
"Oct 17, 2023",34.33,35.19,34.27,34.68,34.41,"10,331,900",1027
"Oct 16, 2023",34.11,34.75,33.89,34.42,34.15,"10,136,900",1026
"Oct 13, 2023",34.78,35.43,33.95,34.1,33.84,"14,423,600",1025
"Oct 12, 2023",37.01,37.07,34.92,35.15,34.88,"29,838,600",1024
"Oct 11, 2023",35.76,36.62,35.34,35.98,35.7,"14,319,300",1023
"Oct 10, 2023",35.74,36.67,35.71,35.83,35.45,"12,365,700",1022
"Oct 9, 2023",35.71,35.79,34.69,35.28,34.91,"14,475,900",1021
"Oct 6, 2023",36.33,37.33,36.26,37,36.61,"9,782,700",1020
"Oct 5, 2023",36.47,36.65,36.01,36.44,36.06,"8,342,200",1019
"Oct 4, 2023",35.47,36.26,35.36,36.06,35.68,"9,430,500",1018
"Oct 3, 2023",36.14,36.29,35.13,35.24,34.87,"9,406,100",1017
"Oct 2, 2023",36.97,37.2,36.3,36.45,36.07,"5,799,800",1016
"Sep 29, 2023",37.25,37.48,36.74,37,36.61,"7,985,500",1015
"Sep 28, 2023",36.7,37.47,36.41,36.95,36.56,"8,247,600",1014
"Sep 27, 2023",36.77,37.15,36.53,36.66,36.28,"7,996,900",1013
"Sep 26, 2023",37.2,37.7,36.72,36.77,36.38,"8,988,900",1012
"Sep 25, 2023",37.4,37.73,37.1,37.56,37.17,"7,346,900",1011
"Sep 22, 2023",38.38,38.42,37.52,37.67,37.27,"7,754,200",1010
"Sep 21, 2023",38.58,38.93,38.21,38.3,37.9,"7,938,900",1009
"Sep 20, 2023",39.77,39.87,38.77,38.88,38.47,"7,000,200",1008
"Sep 19, 2023",38.87,39.52,38.64,39.45,39.04,"8,175,500",1007
"Sep 18, 2023",39.58,39.83,38.73,38.89,38.48,"8,517,700",1006
"Sep 15, 2023",39.3,40.11,39.11,39.9,39.48,"9,841,100",1005
"Sep 14, 2023",40.2,40.28,38.93,39.33,38.92,"13,190,400",1004
"Sep 13, 2023",39.5,40.1,39.28,39.55,39.13,"11,263,000",1003
"Sep 12, 2023",40.91,41.25,40.6,40.69,40.26,"6,840,000",1002
"Sep 11, 2023",41.1,41.19,40.73,40.84,40.41,"6,422,500",1001
"Sep 8, 2023",41.15,41.5,40.75,40.82,40.39,"8,049,900",1000
"Sep 7, 2023",41.5,41.67,40.97,41.13,40.7,"7,242,800",999
"Sep 6, 2023",41.49,42.71,41.49,41.71,41.27,"7,535,200",998
"Sep 5, 2023",42.48,42.51,41.31,41.76,41.32,"8,261,200",997
"Sep 1, 2023",43.1,43.19,42.34,42.86,42.41,"5,199,300",996
"Aug 31, 2023",43.54,43.58,42.43,42.88,42.43,"6,506,500",995
"Aug 30, 2023",43.78,43.85,43.22,43.23,42.78,"5,511,900",994
"Aug 29, 2023",42.37,44.06,42.24,43.77,43.31,"8,969,800",993
"Aug 28, 2023",41.73,42.44,41.73,42.41,41.96,"4,454,500",992
"Aug 25, 2023",42.1,42.16,41.14,41.7,41.26,"5,804,500",991
"Aug 24, 2023",42,42.48,41.71,41.9,41.46,"5,478,200",990
"Aug 23, 2023",41.61,42.4,41.26,42.2,41.76,"7,094,300",989
"Aug 22, 2023",42.02,42.16,41.23,41.61,41.17,"4,249,600",988
"Aug 21, 2023",41.69,41.86,41.23,41.74,41.3,"4,164,700",987
"Aug 18, 2023",41.34,41.63,41.1,41.49,41.05,"6,281,100",986
"Aug 17, 2023",42.67,42.75,41.72,41.78,41.34,"6,408,100",985
"Aug 16, 2023",43.04,43.75,42.56,42.67,42.22,"5,617,100",984
"Aug 15, 2023",43.88,44.06,42.96,43.02,42.57,"7,020,200",983
"Aug 14, 2023",44,44.34,43.7,44.23,43.77,"6,363,300",982
"Aug 11, 2023",44.6,44.69,44.1,44.17,43.71,"5,485,300",981
"Aug 10, 2023",45.43,45.71,44.49,44.86,44.39,"6,926,200",980
"Aug 9, 2023",45.74,46.09,44.75,45.03,44.56,"6,073,200",979
"Aug 8, 2023",44.62,45.94,44.6,45.79,45.31,"5,892,100",978
"Aug 7, 2023",44.69,45.42,44.49,45.24,44.77,"5,994,000",977
"Aug 4, 2023",44.47,44.81,44.21,44.59,44.12,"7,241,400",976
"Aug 3, 2023",44.32,44.64,44.02,44.19,43.73,"7,096,100",975
"Aug 2, 2023",44.91,45.08,44.63,44.8,44.33,"7,641,900",974
"Aug 1, 2023",45.74,45.75,44.26,45.4,44.92,"9,002,800",973
"Jul 31, 2023",45.81,46.33,45.72,46.26,45.77,"7,190,000",972
"Jul 28, 2023",46.06,46.15,45.49,45.72,45.24,"8,272,200",971
"Jul 27, 2023",46.03,46.16,45.39,45.75,45.27,"8,835,300",970
"Jul 26, 2023",46.44,46.78,45.97,46.43,45.94,"8,056,600",969
"Jul 25, 2023",46.66,46.79,45.45,46.44,45.95,"13,411,000",968
"Jul 24, 2023",48.11,48.25,47.33,47.48,46.98,"9,434,100",967
"Jul 21, 2023",48.9,49.1,48.29,48.55,48.04,"8,908,000",966
"Jul 20, 2023",48.13,48.8,47.7,48.69,48.18,"10,591,000",965
"Jul 19, 2023",48.11,48.62,47.9,48.55,48.04,"9,050,800",964
"Jul 18, 2023",46.81,48.39,46.72,48.37,47.86,"11,647,000",963
"Jul 17, 2023",46.49,47.19,46.32,46.8,46.31,"9,712,500",962
"Jul 14, 2023",47.78,47.82,45.94,46.49,46,"18,153,400",961
"Jul 13, 2023",49.75,49.81,47.23,47.71,47.11,"32,909,200",960
"Jul 12, 2023",48.7,49.04,47.88,47.95,47.35,"15,383,400",959
"Jul 11, 2023",48.58,48.79,48.01,48.66,48.05,"9,937,300",958
"Jul 10, 2023",47.83,48.61,47.66,48.46,47.85,"10,141,000",957
"Jul 7, 2023",47.49,48.39,47.15,47.88,47.28,"14,595,500",956
"Jul 6, 2023",47.99,48.45,47.24,47.33,46.73,"15,081,900",955
"Jul 5, 2023",47.72,48.82,47.66,48.52,47.91,"10,488,400",954
"Jul 3, 2023",47.44,48.17,47.44,47.96,47.36,"6,305,700",953
"Jun 30, 2023",46.65,47.73,46.49,47.54,46.94,"13,325,700",952
"Jun 29, 2023",46.75,47.41,46.22,46.31,45.73,"15,246,600",951
"Jun 28, 2023",46.27,46.91,46.05,46.71,46.12,"17,184,100",950
"Jun 27, 2023",43.68,46.27,43.37,46.09,45.51,"25,947,100",949
"Jun 26, 2023",42.85,43.58,42.66,43.14,42.6,"10,820,000",948
"Jun 23, 2023",42.25,43,42.09,42.86,42.32,"19,580,500",947
"Jun 22, 2023",42.61,43.1,42.48,42.94,42.4,"7,195,500",946
"Jun 21, 2023",42.49,43.04,42.36,42.79,42.25,"9,063,100",945
"Jun 20, 2023",42.42,42.64,42.13,42.48,41.95,"12,208,700",944
"Jun 16, 2023",42.86,43.16,42.55,42.79,42.25,"12,213,000",943
"Jun 15, 2023",41.74,43.02,41.65,42.88,42.34,"14,463,100",942
"Jun 14, 2023",41.71,42.23,41.48,42.19,41.66,"13,048,900",941
"Jun 13, 2023",40.39,41.65,40.2,41.56,41.04,"14,333,300",940
"Jun 12, 2023",39.58,40.22,39.54,40.2,39.69,"10,953,500",939
"Jun 9, 2023",39.12,39.9,39.08,39.28,38.79,"14,940,000",938
"Jun 8, 2023",38.24,39.21,38.24,39.11,38.62,"14,879,500",937
"Jun 7, 2023",37.84,38.26,37.6,38.23,37.75,"10,268,900",936
"Jun 6, 2023",36.65,37.67,36.61,37.64,37.17,"5,744,700",935
"Jun 5, 2023",37.08,37.22,36.55,37.1,36.63,"8,285,200",934
"Jun 2, 2023",36.91,37.64,36.63,37.01,36.54,"8,924,900",933
"Jun 1, 2023",36.42,36.81,36,36.38,35.92,"7,769,000",932
"May 31, 2023",36.87,36.92,35.88,36.33,35.87,"9,972,100",931
"May 30, 2023",36.29,36.93,36.1,36.28,35.82,"8,652,600",930
"May 26, 2023",35.75,36.25,35.71,35.89,35.44,"6,703,600",929
"May 25, 2023",35.1,35.82,35.03,35.75,35.3,"6,880,100",928
"May 24, 2023",35.56,35.74,34.51,34.93,34.49,"8,803,900",927
"May 23, 2023",35.74,36.64,35.31,35.91,35.46,"10,602,100",926
"May 22, 2023",36.07,36.34,35.21,35.46,35.01,"9,021,000",925
"May 19, 2023",35.93,36,35.01,35.59,35.14,"8,997,500",924
"May 18, 2023",35.89,36.12,35.54,35.89,35.44,"9,786,300",923
"May 17, 2023",34.3,36.18,34.22,35.93,35.48,"16,957,300",922
"May 16, 2023",33.65,34.24,33.36,33.82,33.39,"8,646,700",921
"May 15, 2023",33.35,33.73,33.06,33.72,33.3,"7,586,600",920
"May 12, 2023",33.38,33.55,32.85,33.23,32.81,"8,929,900",919
"May 11, 2023",33.55,33.64,33.01,33.22,32.8,"7,620,000",918
"May 10, 2023",34.65,34.73,33.11,33.8,33.38,"9,025,300",917
"May 9, 2023",33.94,34.42,33.7,34.2,33.77,"5,845,700",916
"May 8, 2023",34.24,34.43,33.73,34.2,33.77,"8,726,300",915
"May 5, 2023",33.44,34.19,33.32,33.94,33.51,"8,694,400",914
"May 4, 2023",33.95,33.98,32.68,33.08,32.66,"11,694,300",913
"May 3, 2023",34.53,34.81,34.05,34.13,33.7,"11,166,100",912
"May 2, 2023",34.5,34.67,33.89,34.53,34.1,"10,014,900",911
"May 1, 2023",34.43,35.16,34.18,34.72,34.28,"9,901,400",910
"Apr 28, 2023",33.45,34.39,33.24,34.31,33.88,"11,108,900",909
"Apr 27, 2023",33.05,33.45,32.73,33.33,32.91,"9,561,500",908
"Apr 26, 2023",33.18,33.47,32.69,32.75,32.34,"9,237,500",907
"Apr 25, 2023",33.9,33.99,33.09,33.11,32.69,"9,119,000",906
"Apr 24, 2023",34.42,34.47,33.46,34.12,33.69,"8,452,700",905
"Apr 21, 2023",34.68,34.69,33.86,34.33,33.9,"9,579,200",904
"Apr 20, 2023",35.59,35.65,34.59,34.64,34.2,"11,195,600",903
"Apr 19, 2023",35.15,36.19,35.12,35.93,35.48,"11,774,200",902
"Apr 18, 2023",34.94,35.47,34.54,35.36,34.92,"13,113,100",901
"Apr 17, 2023",33.81,34.61,33.67,34.59,34.16,"12,113,600",900
"Apr 14, 2023",33.71,34,33.02,33.77,33.35,"15,803,000",899
"Apr 13, 2023",34.05,34.11,32.44,33.37,32.95,"37,172,700",898
"Apr 12, 2023",34.32,34.47,33.14,33.74,33.32,"21,581,700",897
"Apr 11, 2023",33.97,34.78,33.94,34.58,34.15,"9,801,200",896
"Apr 10, 2023",33.69,34.16,33.62,33.97,33.54,"8,534,800",895
"Apr 6, 2023",33.58,33.82,33.22,33.69,33.27,"6,291,800",894
"Apr 5, 2023",33.56,33.63,32.85,33.46,33.04,"8,679,600",893
"Apr 4, 2023",34.57,34.7,33.5,33.92,33.49,"8,551,700",892
"Apr 3, 2023",34.48,34.85,34.16,34.39,33.96,"9,275,500",891
"Mar 31, 2023",34.5,34.94,34.37,34.92,34.48,"9,177,200",890
"Mar 30, 2023",33.71,34.29,33.71,34.11,33.68,"10,614,900",889
"Mar 29, 2023",32.83,33.42,32.52,33.32,32.9,"9,977,900",888
"Mar 28, 2023",32,32.53,31.97,32.47,32.06,"6,752,000",887
"Mar 27, 2023",32.18,32.3,31.74,32.13,31.73,"7,194,500",886
"Mar 24, 2023",31.74,31.86,31.04,31.59,31.19,"12,647,300",885
"Mar 23, 2023",33,33.35,31.81,32.14,31.74,"10,506,900",884
"Mar 22, 2023",33.89,34.02,32.73,32.77,32.36,"10,330,400",883
"Mar 21, 2023",33.72,34.14,33.65,33.89,33.46,"8,366,000",882
"Mar 20, 2023",33.08,33.52,32.92,33.14,32.72,"9,241,000",881
"Mar 17, 2023",33.26,33.35,32.51,32.96,32.55,"12,989,700",880
"Mar 16, 2023",33.12,33.89,32.63,33.71,33.29,"13,436,300",879
"Mar 15, 2023",34.37,34.5,32.58,33.23,32.81,"18,703,300",878
"Mar 14, 2023",36.38,36.49,35.1,35.47,35.02,"14,902,900",877
"Mar 13, 2023",36.41,36.56,35.39,35.68,35.23,"14,734,000",876
"Mar 10, 2023",38.92,38.92,36.58,37.25,36.78,"12,931,100",875
"Mar 9, 2023",39.74,40.3,38.32,38.49,38.01,"9,930,000",874
"Mar 8, 2023",39.21,39.74,39.17,39.73,39.23,"7,836,500",873
"Mar 7, 2023",38.91,39.77,38.7,39.07,38.58,"11,338,800",872
"Mar 6, 2023",38.99,39.27,38.36,38.46,37.98,"5,238,300",871
"Mar 3, 2023",38.99,39.24,38.58,38.85,38.36,"7,160,300",870
"Mar 2, 2023",38.11,38.55,37.85,38.42,37.94,"5,295,200",869
"Mar 1, 2023",38.34,38.67,38.01,38.51,38.03,"5,983,200",868
"Feb 28, 2023",37.64,38.73,37.64,38.34,37.86,"8,203,600",867
"Feb 27, 2023",37.81,38.21,37.56,37.84,37.36,"7,961,500",866
"Feb 24, 2023",36.8,37.4,36.66,37.36,36.89,"5,482,500",865
"Feb 23, 2023",37.63,38.14,37.16,37.53,37.06,"7,620,100",864
"Feb 22, 2023",37,37.46,36.84,37.01,36.54,"6,220,000",863
"Feb 21, 2023",37.9,38.09,36.82,37.1,36.63,"7,276,600",862
"Feb 17, 2023",38.17,38.43,37.67,38.36,37.88,"5,961,400",861
"Feb 16, 2023",38.62,38.79,38.22,38.28,37.8,"6,273,300",860
"Feb 15, 2023",38.67,39.26,38.61,39.02,38.53,"4,151,600",859
"Feb 14, 2023",38.53,39.25,38.25,39.1,38.61,"7,286,000",858
"Feb 13, 2023",38.15,38.74,37.98,38.6,38.11,"7,842,200",857
"Feb 10, 2023",38.5,38.54,37.82,38.17,37.69,"8,190,200",856
"Feb 9, 2023",39.72,39.97,38.88,39.01,38.52,"5,840,000",855
"Feb 8, 2023",40,40.31,39.16,39.44,38.94,"8,942,300",854
"Feb 7, 2023",39.5,39.77,38.67,39.59,39.09,"7,994,700",853
"Feb 6, 2023",39.27,39.84,39.08,39.64,39.14,"6,453,800",852
"Feb 3, 2023",39.3,40.01,39.29,39.58,39.08,"8,279,400",851
"Feb 2, 2023",40.21,40.34,39.51,39.9,39.4,"10,322,700",850
"Feb 1, 2023",38.84,40.08,38.6,39.89,39.39,"10,781,400",849
"Jan 31, 2023",38.81,39.11,38.37,39.1,38.61,"7,919,200",848
"Jan 30, 2023",38.43,39.39,38.26,38.4,37.92,"8,982,000",847
"Jan 27, 2023",39,39.22,38.7,38.73,38.24,"7,298,400",846
"Jan 26, 2023",39.42,39.51,38.62,39.22,38.73,"7,618,400",845
"Jan 25, 2023",38.73,39.5,38.62,39.38,38.88,"10,181,800",844
"Jan 24, 2023",39.25,39.46,38.45,38.8,38.31,"7,679,600",843
"Jan 23, 2023",39.2,39.31,38.73,39.08,38.59,"12,459,300",842
"Jan 20, 2023",38.52,39.2,38.34,39.03,38.54,"11,998,700",841
"Jan 19, 2023",37.85,38.44,37.03,38.35,37.87,"17,006,100",840
"Jan 18, 2023",39.07,39.32,38.31,38.38,37.9,"18,661,200",839
"Jan 17, 2023",38.2,38.36,37.56,38.26,37.78,"17,803,900",838
"Jan 13, 2023",36.55,38.29,36.52,38.2,37.72,"29,120,400",837
"Jan 12, 2023",38.84,39.62,38.32,39.6,39.1,"20,052,100",836
"Jan 11, 2023",37.92,38.7,37.82,38.18,37.7,"14,336,700",835
"Jan 10, 2023",36.67,38.17,36.66,38.09,37.61,"10,283,500",834
"Jan 9, 2023",36.54,37.42,36.35,36.77,36.31,"11,251,300",833
"Jan 6, 2023",35.19,36.07,35.1,36.03,35.58,"11,110,400",832
"Jan 5, 2023",34.69,35.57,34.52,35.23,34.79,"11,332,500",831
"Jan 4, 2023",32.95,34.47,32.94,34.39,33.96,"11,318,800",830
"Jan 3, 2023",33.25,33.55,32.34,32.61,32.2,"8,640,200",829
"Dec 30, 2022",32.44,33.05,32.35,32.86,32.45,"6,957,600",828
"Dec 29, 2022",31.95,32.76,31.82,32.73,32.32,"7,388,000",827
"Dec 28, 2022",32.84,33.02,31.92,31.99,31.59,"7,687,300",826
"Dec 27, 2022",32.86,33.33,32.59,32.9,32.49,"7,613,000",825
"Dec 23, 2022",32.83,33.17,32.37,33.16,32.74,"5,955,600",824
"Dec 22, 2022",33.6,33.63,32.29,32.92,32.51,"6,806,000",823
"Dec 21, 2022",33.24,33.99,33.2,33.67,33.25,"8,164,600",822
"Dec 20, 2022",32.86,33.28,32.75,32.9,32.49,"5,995,900",821
"Dec 19, 2022",33.31,33.69,32.85,32.92,32.51,"8,440,100",820
"Dec 16, 2022",33.25,33.74,32.62,33.11,32.69,"12,861,400",819
"Dec 15, 2022",33.65,34.06,32.83,33.25,32.83,"11,682,500",818
"Dec 14, 2022",34.65,34.78,33.73,34.31,33.88,"23,497,700",817
"Dec 13, 2022",35.52,35.72,32.81,33.38,32.96,"15,029,400",816
"Dec 12, 2022",33.69,34.79,33.6,34.77,34.33,"7,163,700",815
"Dec 9, 2022",33.31,33.82,33.16,33.8,33.38,"5,989,400",814
"Dec 8, 2022",34.57,34.74,33.3,33.53,33.11,"8,918,400",813
"Dec 7, 2022",35.64,35.65,34.3,34.33,33.9,"10,996,500",812
"Dec 6, 2022",35.9,36.24,35.2,35.91,35.46,"8,832,900",811
"Dec 5, 2022",35.73,36.88,35.68,35.79,35.34,"12,131,800",810
"Dec 2, 2022",35,35.72,34.88,35.71,35.26,"6,566,300",809
"Dec 1, 2022",35.45,35.74,35.1,35.38,34.94,"6,371,600",808
"Nov 30, 2022",34.51,35.38,34.21,35.37,34.93,"7,404,100",807
"Nov 29, 2022",34.02,34.73,33.88,34.61,34.17,"6,778,200",806
"Nov 28, 2022",34.7,34.92,33.87,33.87,33.44,"6,061,200",805
"Nov 25, 2022",34.5,35.39,34.36,35.1,34.66,"4,352,600",804
"Nov 23, 2022",34.36,34.86,34.2,34.49,34.06,"5,420,600",803
"Nov 22, 2022",34.37,34.51,33.75,34.23,33.8,"4,823,800",802
"Nov 21, 2022",34.3,34.69,34.05,34.23,33.8,"5,733,000",801
"Nov 18, 2022",35,35.38,34.17,34.47,34.04,"6,364,200",800
"Nov 17, 2022",33.44,34.13,33.3,34.06,33.63,"5,522,200",799
"Nov 16, 2022",34.42,34.65,33.89,34.12,33.69,"7,329,200",798
"Nov 15, 2022",35.27,35.58,34.46,34.9,34.46,"8,391,700",797
"Nov 14, 2022",34.75,35.49,34.6,34.69,34.25,"8,299,600",796
"Nov 11, 2022",35.69,36,35.26,35.44,34.99,"9,130,000",795
"Nov 10, 2022",34.53,35.83,34.31,35.49,35.04,"11,959,400",794
"Nov 9, 2022",33.27,34.03,33.15,33.46,33.04,"7,765,400",793
"Nov 8, 2022",33.42,33.9,33.1,33.59,33.17,"7,679,400",792
"Nov 7, 2022",33.37,33.64,32.57,33.36,32.94,"6,998,500",791
"Nov 4, 2022",32.7,33.22,32.16,32.76,32.35,"9,712,000",790
"Nov 3, 2022",31.54,32.39,30.98,31.97,31.57,"10,291,100",789
"Nov 2, 2022",33.2,33.38,32.03,32.06,31.66,"13,959,700",788
"Nov 1, 2022",34.33,34.43,33.53,33.63,33.21,"9,195,500",787
"Oct 31, 2022",34.67,34.93,33.89,33.93,33.5,"10,301,300",786
"Oct 28, 2022",34.07,34.75,33.7,34.67,34.23,"7,315,400",785
"Oct 27, 2022",34.4,35.08,34.04,34.09,33.66,"8,440,400",784
"Oct 26, 2022",33.7,34.6,33.7,33.9,33.47,"9,418,900",783
"Oct 25, 2022",33.08,33.99,32.92,33.9,33.47,"7,755,600",782
"Oct 24, 2022",32.85,33.42,32.58,33.27,32.85,"10,388,300",781
"Oct 21, 2022",32.06,32.81,31.77,32.58,32.17,"11,173,100",780
"Oct 20, 2022",32.4,33.1,32.11,32.15,31.75,"14,786,500",779
"Oct 19, 2022",32.58,32.94,32.08,32.52,32.11,"14,208,800",778
"Oct 18, 2022",31.96,32.19,31.34,32.17,31.77,"13,590,500",777
"Oct 17, 2022",31.98,32.12,30.72,31.13,30.74,"15,306,200",776
"Oct 14, 2022",31.59,31.92,30.86,31.08,30.69,"22,499,400",775
"Oct 13, 2022",29.33,31.02,28.52,30.38,30,"27,099,400",774
"Oct 12, 2022",28.52,29.44,28.21,29.21,28.84,"11,868,600",773
"Oct 11, 2022",30.59,30.76,28.37,28.84,28.48,"17,037,900",772
"Oct 10, 2022",29.41,29.72,28.98,29.42,29.05,"10,400,100",771
"Oct 7, 2022",30.2,30.22,29.06,29.39,29.02,"11,051,700",770
"Oct 6, 2022",30.29,30.92,30.15,30.62,30.24,"10,688,100",769
"Oct 5, 2022",30,30.75,29.8,30.52,30.14,"8,523,000",768
"Oct 4, 2022",29.25,30.82,29.25,30.75,30.36,"16,308,100",767
"Oct 3, 2022",27.98,28.5,27.2,28.26,27.9,"11,053,600",766
"Sep 30, 2022",28.12,28.59,27.89,28.06,27.71,"9,632,400",765
"Sep 29, 2022",28.87,28.93,28.08,28.44,28.08,"11,040,300",764
"Sep 28, 2022",28.5,29.64,28.26,29.49,29.12,"10,325,700",763
"Sep 27, 2022",28.61,28.93,27.8,28.5,28.14,"13,177,600",762
"Sep 26, 2022",28.94,29.13,28.02,28.02,27.67,"12,130,600",761
"Sep 23, 2022",29.39,29.58,28.48,29.02,28.66,"12,887,500",760
"Sep 22, 2022",31.12,31.2,29.73,29.96,29.58,"11,105,300",759
"Sep 21, 2022",32.4,32.46,31.08,31.16,30.77,"13,704,400",758
"Sep 20, 2022",32.86,33.27,32.26,32.75,32.34,"7,618,900",757
"Sep 19, 2022",31.94,33.11,31.83,32.94,32.53,"8,929,700",756
"Sep 16, 2022",32.72,32.82,31.79,32.11,31.71,"13,830,200",755
"Sep 15, 2022",32.47,33.74,32.45,33.28,32.86,"11,539,700",754
"Sep 14, 2022",31.59,32.69,30.82,32.66,32.25,"11,048,000",753
"Sep 13, 2022",32.03,32.37,31.59,31.74,31.34,"9,508,100",752
"Sep 12, 2022",33,33.45,32.72,33.15,32.73,"8,295,100",751
"Sep 9, 2022",32.43,32.76,32.24,32.66,32.25,"10,958,900",750
"Sep 8, 2022",31.72,32.49,31.55,32.12,31.72,"11,085,400",749
"Sep 7, 2022",31.29,32.34,31.27,32.23,31.82,"9,035,900",748
"Sep 6, 2022",31.34,31.65,30.66,31.19,30.8,"7,630,800",747
"Sep 2, 2022",31.44,31.83,30.7,30.94,30.55,"8,629,600",746
"Sep 1, 2022",30.65,31.14,29.94,31.09,30.7,"8,572,700",745
"Aug 31, 2022",31.97,32.02,31.06,31.07,30.68,"7,450,000",744
"Aug 30, 2022",32.25,32.45,31.47,31.72,31.32,"7,506,400",743
"Aug 29, 2022",32.2,32.35,31.85,32.03,31.63,"8,758,400",742
"Aug 26, 2022",33.95,34.26,32.65,32.68,32.27,"6,917,100",741
"Aug 25, 2022",33.58,34.16,33.52,33.99,33.56,"6,785,000",740
"Aug 24, 2022",32.88,33.41,32.67,33.31,32.89,"5,742,000",739
"Aug 23, 2022",32.39,33.02,32.27,32.87,32.46,"7,974,300",738
"Aug 22, 2022",32.5,32.5,31.85,32.38,31.97,"9,246,500",737
"Aug 19, 2022",33.88,34.06,33.06,33.25,32.83,"9,874,900",736
"Aug 18, 2022",34.53,34.61,34.03,34.49,34.06,"5,687,500",735
"Aug 17, 2022",34.77,34.92,34.06,34.54,34.11,"7,976,000",734
"Aug 16, 2022",35.08,35.79,34.71,35.34,34.9,"8,757,400",733
"Aug 15, 2022",34.59,35.48,34.48,35,34.56,"9,042,000",732
"Aug 12, 2022",34.38,34.6,34.08,34.5,34.07,"7,142,000",731
"Aug 11, 2022",34.5,34.79,33.85,33.96,33.53,"7,598,700",730
"Aug 10, 2022",34.19,34.53,33.89,33.93,33.5,"10,465,700",729
"Aug 9, 2022",33.5,33.6,32.73,33.21,32.79,"7,179,800",728
"Aug 8, 2022",33.29,34.11,33.28,33.75,33.33,"9,526,900",727
"Aug 5, 2022",32.9,33.4,32.78,32.94,32.53,"7,722,900",726
"Aug 4, 2022",33.21,33.6,32.92,33.33,32.91,"7,573,300",725
"Aug 3, 2022",32.2,33.32,32.08,33.25,32.83,"11,895,100",724
"Aug 2, 2022",31.73,32.43,31.29,31.82,31.42,"10,132,600",723
"Aug 1, 2022",31.78,32.3,31.25,32.23,31.82,"10,517,300",722
"Jul 29, 2022",31.59,32.03,31.44,31.8,31.4,"8,355,200",721
"Jul 28, 2022",31.28,31.72,30.59,31.7,31.3,"10,672,100",720
"Jul 27, 2022",31.3,31.65,30.74,31.5,31.1,"10,281,300",719
"Jul 26, 2022",30.95,31.21,30.57,30.64,30.25,"8,764,800",718
"Jul 25, 2022",31.33,31.51,30.72,31.41,31.02,"9,314,600",717
"Jul 22, 2022",32.3,32.48,31.29,31.35,30.96,"11,256,400",716
"Jul 21, 2022",31.88,32.15,31.29,31.96,31.56,"15,522,200",715
"Jul 20, 2022",32.57,33.08,32.14,32.85,32.44,"12,200,800",714
"Jul 19, 2022",31.81,32.73,31.81,32.6,32.19,"15,847,500",713
"Jul 18, 2022",31.2,31.99,31.06,31.14,30.75,"19,675,900",712
"Jul 15, 2022",30.15,30.44,29.54,30.09,29.71,"13,055,100",711
"Jul 14, 2022",29.31,30.4,29.1,29.77,29.4,"18,983,900",710
"Jul 13, 2022",28.95,29.75,28.35,29.7,29.33,"38,475,800",709
"Jul 12, 2022",29.41,31.54,29.27,31.09,30.7,"22,841,200",708
"Jul 11, 2022",29.57,30.01,29.17,29.29,28.92,"12,059,500",707
"Jul 8, 2022",29.93,30.43,29.49,29.72,29.35,"9,632,300",706
"Jul 7, 2022",29.88,30.2,29.43,29.91,29.53,"9,484,100",705
"Jul 6, 2022",29.56,30.2,29.18,29.53,29.16,"10,289,600",704
"Jul 5, 2022",28.62,29.83,28.14,29.82,29.45,"15,811,300",703
"Jul 1, 2022",29.23,29.73,28.67,29.52,29.15,"11,374,200",702
"Jun 30, 2022",28.92,29.22,28.1,28.97,28.61,"16,394,800",701
"Jun 29, 2022",29.97,30.01,29.21,29.64,29.27,"13,101,500",700
"Jun 28, 2022",31,32.24,30.28,30.33,29.95,"14,358,200",699
"Jun 27, 2022",31.33,31.4,30.34,30.44,30.06,"12,782,900",698
"Jun 24, 2022",29.52,31.29,29.52,31.2,30.81,"16,949,600",697
"Jun 23, 2022",29.89,30.12,28.79,29.56,29.19,"15,793,200",696
"Jun 22, 2022",29.92,30.49,29.6,30,29.62,"16,042,000",695
"Jun 21, 2022",30.8,30.96,29.76,30.05,29.67,"15,125,900",694
"Jun 17, 2022",29.72,30.48,28.76,30.26,29.88,"28,391,100",693
"Jun 16, 2022",30.67,30.88,29.21,29.58,29.21,"20,696,200",692
"Jun 15, 2022",32.02,32.74,31.35,31.96,31.56,"20,995,200",691
"Jun 14, 2022",32.6,32.77,30.86,31.38,30.99,"20,521,200",690
"Jun 13, 2022",34,34.1,32.01,32.21,31.81,"20,879,100",689
"Jun 10, 2022",36,37.1,35,35.12,34.68,"19,434,400",688
"Jun 9, 2022",38.1,38.21,36.71,36.75,36.29,"11,976,600",687
"Jun 8, 2022",38.84,39.53,38.17,38.22,37.74,"9,643,000",686
"Jun 7, 2022",38.37,39.79,38.25,39.74,39.24,"9,604,700",685
"Jun 6, 2022",39,39.29,38.31,39,38.51,"12,330,400",684
"Jun 3, 2022",39.2,39.42,38.06,38.54,38.06,"14,804,300",683
"Jun 2, 2022",39.4,40.29,39.22,39.99,39.49,"13,761,600",682
"Jun 1, 2022",42.13,42.3,39.23,39.54,39.04,"17,573,200",681
"May 31, 2022",40.71,42.45,40.58,41.69,41.17,"14,691,200",680
"May 27, 2022",41,42.23,41,42.23,41.7,"10,730,600",679
"May 26, 2022",39.13,41.24,39,40.83,40.32,"15,248,300",678
"May 25, 2022",37.08,38.69,37.03,38.6,38.11,"10,436,800",677
"May 24, 2022",38.82,38.95,36.78,37.22,36.75,"10,856,500",676
"May 23, 2022",39.38,39.99,38.72,39.52,39.02,"9,005,200",675
"May 20, 2022",39.9,40.05,37.64,38.64,38.15,"10,687,600",674
"May 19, 2022",38.75,39.92,38.65,39.24,38.75,"9,564,300",673
"May 18, 2022",40.31,40.83,39.01,39.31,38.82,"11,216,900",672
"May 17, 2022",39.85,40.82,39.21,40.72,40.21,"13,594,300",671
"May 16, 2022",38.32,39,38.11,38.17,37.69,"11,062,500",670
"May 13, 2022",37.49,38.45,37.45,38.33,37.85,"11,594,800",669
"May 12, 2022",37.31,37.76,35.7,36.67,36.21,"17,218,100",668
"May 11, 2022",38.67,39.92,37.71,37.89,37.41,"14,402,400",667
"May 10, 2022",38.86,39.33,37.85,38.68,38.19,"13,950,000",666
"May 9, 2022",40.29,40.45,38.02,38.25,37.77,"18,582,900",665
"May 6, 2022",41.97,41.97,40.4,41,40.48,"12,996,000",664
"May 5, 2022",43.15,43.74,41.8,42.13,41.6,"11,983,100",663
"May 4, 2022",42.76,43.97,42.34,43.85,43.3,"13,381,200",662
"May 3, 2022",42.64,43.69,42.21,43.35,42.8,"10,401,900",661
"May 2, 2022",42.95,43.4,41.57,42.67,42.13,"13,417,100",660
"Apr 29, 2022",44.17,44.75,42.82,43.03,42.49,"13,460,500",659
"Apr 28, 2022",43.51,44.42,42.89,44.33,43.77,"11,953,000",658
"Apr 27, 2022",42.18,43.44,41.76,43.11,42.57,"13,640,400",657
"Apr 26, 2022",42.83,43.05,41.55,41.9,41.37,"14,561,200",656
"Apr 25, 2022",43.4,43.55,42.23,43.27,42.73,"15,156,900",655
"Apr 22, 2022",45.01,45.35,43.55,43.69,43.14,"15,557,200",654
"Apr 21, 2022",44.81,46.27,44.54,44.73,44.17,"31,849,600",653
"Apr 20, 2022",43.28,44.24,43.19,43.54,42.99,"17,466,800",652
"Apr 19, 2022",42.81,43.77,42.72,43.04,42.5,"18,453,000",651
"Apr 18, 2022",42.08,43.07,41.85,42.13,41.6,"17,011,900",650
"Apr 14, 2022",41.97,42.87,41.33,42.36,41.83,"29,128,900",649
"Apr 13, 2022",40.21,41.1,39.81,41.02,40.5,"33,528,700",648
"Apr 12, 2022",38.36,38.95,37.77,38.62,38.13,"15,762,600",647
"Apr 11, 2022",36.7,38.56,36.53,38.21,37.73,"14,142,900",646
"Apr 8, 2022",36.98,37.34,36.51,36.74,36.28,"8,615,600",645
"Apr 7, 2022",37.37,37.5,36.17,37.13,36.66,"11,688,800",644
"Apr 6, 2022",38.01,38.06,36.72,37.59,37.12,"16,995,200",643
"Apr 5, 2022",39.51,39.87,38.57,39.03,38.54,"12,713,400",642
"Apr 4, 2022",39.22,39.62,38.71,39.4,38.9,"9,482,700",641
"Apr 1, 2022",39.67,39.9,39.01,39.31,38.82,"8,606,300",640
"Mar 31, 2022",39.4,40.1,39.24,39.57,39.07,"9,930,100",639
"Mar 30, 2022",39.1,39.53,38.91,39.33,38.84,"9,363,500",638
"Mar 29, 2022",39.65,40.26,39.13,39.52,39.02,"15,372,200",637
"Mar 28, 2022",38.42,38.61,37.44,38.34,37.86,"11,430,600",636
"Mar 25, 2022",37.29,38.24,37.24,37.91,37.43,"11,313,100",635
"Mar 24, 2022",36.39,37.27,35.96,37.26,36.79,"11,302,400",634
"Mar 23, 2022",36.72,36.79,36.07,36.22,35.76,"12,069,300",633
"Mar 22, 2022",36.45,37.24,36.33,36.98,36.52,"13,587,700",632
"Mar 21, 2022",37.13,37.23,35.88,36.09,35.64,"18,386,400",631
"Mar 18, 2022",36.79,37.92,36.38,37.68,37.21,"18,429,600",630
"Mar 17, 2022",35.71,37.15,35.37,37.15,36.68,"17,062,300",629
"Mar 16, 2022",35.51,36.95,35.44,36.93,36.47,"23,558,200",628
"Mar 15, 2022",34.74,35.47,33.99,34.86,34.42,"27,330,200",627
"Mar 14, 2022",32,33.2,31.65,32.07,31.67,"17,253,800",626
"Mar 11, 2022",33.31,33.4,32.01,32.07,31.67,"16,978,700",625
"Mar 10, 2022",32.12,33.41,31.52,32.55,32.14,"17,588,900",624
"Mar 9, 2022",32.93,33.78,32.56,32.76,32.35,"25,808,000",623
"Mar 8, 2022",30.72,32.74,29.75,31.22,30.83,"29,492,100",622
"Mar 7, 2022",34,34.2,29.98,30.11,29.73,"34,889,300",621
"Mar 4, 2022",35.51,35.87,34.17,34.52,34.09,"23,278,800",620
"Mar 3, 2022",38.49,38.74,36.38,36.56,36.1,"17,589,100",619
"Mar 2, 2022",38.3,38.78,37.85,38.04,37.56,"15,773,500",618
"Mar 1, 2022",39.5,39.59,37.38,37.64,37.17,"21,467,500",617
"Feb 28, 2022",40.33,40.36,39.02,39.92,39.42,"22,808,100",616
"Feb 25, 2022",40.76,42,40.64,41.54,41.02,"15,398,700",615
"Feb 24, 2022",37.6,40.49,37.47,40.33,39.82,"22,659,700",614
"Feb 23, 2022",42.3,42.39,40.11,40.19,39.68,"12,322,200",613
"Feb 22, 2022",41.69,42.84,41.44,41.89,41.36,"13,329,600",612
"Feb 18, 2022",43.1,43.68,42.7,42.84,42.3,"11,574,900",611
"Feb 17, 2022",43.77,44.13,42.95,43.31,42.77,"9,463,700",610
"Feb 16, 2022",44.1,45.14,43.98,44.41,43.85,"14,029,100",609
"Feb 15, 2022",43.46,44.75,43.33,44.49,43.93,"15,528,800",608
"Feb 14, 2022",42.38,43.25,41.71,41.97,41.44,"11,581,600",607
"Feb 11, 2022",43.9,44.8,41.92,42.33,41.8,"19,893,400",606
"Feb 10, 2022",43.43,44.73,43.31,43.9,43.35,"13,210,100",605
"Feb 9, 2022",42.92,44.51,42.85,43.88,43.33,"18,904,000",604
"Feb 8, 2022",41.36,42.72,41,42.61,42.07,"14,194,800",603
"Feb 7, 2022",40.47,41.29,40.42,40.94,40.43,"11,417,500",602
"Feb 4, 2022",39.59,40.09,39.09,39.85,39.35,"9,481,900",601
"Feb 3, 2022",40,40.6,39.68,39.73,39.23,"9,922,000",600
"Feb 2, 2022",40.13,40.96,39.73,40.52,40.01,"10,249,800",599
"Feb 1, 2022",39.8,40.57,39.57,40.49,39.98,"9,668,800",598
"Jan 31, 2022",37.82,39.72,37.66,39.69,39.19,"10,657,300",597
"Jan 28, 2022",38.11,38.39,36.77,38.28,37.8,"12,889,100",596
"Jan 27, 2022",39.24,40.03,38.03,38.34,37.86,"12,297,400",595
"Jan 26, 2022",39.31,39.96,38.34,38.76,38.27,"12,451,700",594
"Jan 25, 2022",37.5,38.87,37.3,38.72,38.23,"14,674,100",593
"Jan 24, 2022",36.95,37.93,35.88,37.91,37.43,"19,890,100",592
"Jan 21, 2022",38.83,38.83,37.36,37.86,37.38,"17,872,100",591
"Jan 20, 2022",39.05,40.16,38.76,38.84,38.35,"12,935,700",590
"Jan 19, 2022",39.5,39.8,38.73,38.82,38.33,"10,958,600",589
"Jan 18, 2022",39.9,40.44,39.44,39.54,39.04,"15,088,100",588
"Jan 14, 2022",40.79,40.86,39.55,40.31,39.8,"17,141,100",587
"Jan 13, 2022",41.08,42.54,40.45,41.47,40.95,"23,251,900",586
"Jan 12, 2022",41.25,41.59,40.56,40.61,40.1,"12,522,300",585
"Jan 11, 2022",40.58,41.53,40.44,41.23,40.71,"11,415,300",584
"Jan 10, 2022",41.59,41.8,40.19,40.63,40.12,"13,086,400",583
"Jan 7, 2022",40.72,41.97,40.44,41.51,40.99,"13,941,600",582
"Jan 6, 2022",40.82,41.11,39.74,40.11,39.61,"9,304,100",581
"Jan 5, 2022",40.98,41.28,40.15,40.28,39.77,"11,214,700",580
"Jan 4, 2022",40.97,41.28,40.33,40.59,40.08,"12,076,300",579
"Jan 3, 2022",39.79,41.03,39.64,40.29,39.78,"12,529,800",578
"Dec 31, 2021",39.05,39.46,38.92,39.08,38.59,"7,166,700",577
"Dec 30, 2021",39.06,39.74,39.02,39.04,38.55,"8,055,600",576
"Dec 29, 2021",39.33,39.49,38.99,39.16,38.67,"7,311,800",575
"Dec 28, 2021",38.78,39.83,38.52,39.63,39.13,"9,974,200",574
"Dec 27, 2021",38.26,39.18,37.86,39,38.51,"10,897,600",573
"Dec 23, 2021",39.72,39.89,38.99,39.3,38.81,"8,478,100",572
"Dec 22, 2021",38.49,39.47,38.17,39.13,38.64,"11,719,500",571
"Dec 21, 2021",36.83,38.82,36.76,38.52,38.04,"17,209,900",570
"Dec 20, 2021",35.55,37.25,35.39,36.37,35.91,"17,475,600",569
"Dec 17, 2021",36.04,37.24,35.59,36.56,36.1,"18,115,500",568
"Dec 16, 2021",37.59,37.69,35.66,35.8,35.35,"19,944,400",567
"Dec 15, 2021",36.53,36.8,35.54,36.61,36.15,"13,179,900",566
"Dec 14, 2021",36.55,37.53,36.42,36.53,36.07,"12,638,700",565
"Dec 13, 2021",37.36,37.62,36.42,36.87,36.41,"12,244,800",564
"Dec 10, 2021",38.42,38.46,37.59,38.18,37.7,"12,028,500",563
"Dec 9, 2021",38.22,38.85,38,38.5,38.02,"10,427,800",562
"Dec 8, 2021",38.5,39.89,38.03,38.88,38.39,"16,355,500",561
"Dec 7, 2021",38.6,39.13,37.77,38.04,37.56,"14,593,500",560
"Dec 6, 2021",37.25,39.33,37.01,38.14,37.66,"23,060,500",559
"Dec 3, 2021",36.48,37.68,35.35,35.98,35.53,"25,510,200",558
"Dec 2, 2021",34.41,36.67,33.76,36.64,36.18,"36,044,800",557
"Dec 1, 2021",36.87,37.34,33.4,33.53,33.11,"34,616,800",556
"Nov 30, 2021",35.73,36.29,35.22,36.2,35.74,"20,442,900",555
"Nov 29, 2021",37.02,37.35,35.97,36.24,35.78,"21,269,600",554
"Nov 26, 2021",36.75,36.95,34.6,36.38,35.92,"38,052,100",553
"Nov 24, 2021",39.18,40.07,38.92,39.69,39.19,"7,580,500",552
"Nov 23, 2021",40.34,40.58,39.25,39.53,39.03,"11,074,300",551
"Nov 22, 2021",39.88,40.19,39.22,39.77,39.27,"11,991,400",550
"Nov 19, 2021",39.77,39.93,38.89,39.69,39.19,"15,033,400",549
"Nov 18, 2021",40.75,40.77,39.44,40.12,39.62,"11,615,800",548
"Nov 17, 2021",40.98,41.25,40.3,40.71,40.2,"9,025,300",547
"Nov 16, 2021",42.1,42.19,40.9,41.04,40.52,"11,055,500",546
"Nov 15, 2021",42.64,42.94,42.14,42.38,41.85,"6,938,400",545
"Nov 12, 2021",43.5,43.53,41.87,42.22,41.69,"10,038,900",544
"Nov 11, 2021",43.78,44.24,43.45,43.45,42.9,"6,370,700",543
"Nov 10, 2021",43.8,44.47,43.53,43.71,43.16,"8,698,700",542
"Nov 9, 2021",44.43,44.57,43.72,44.53,43.97,"9,359,100",541
"Nov 8, 2021",45,45.52,44.5,44.65,44.09,"15,006,700",540
"Nov 5, 2021",43.54,44.42,43.26,44.29,43.73,"23,651,200",539
"Nov 4, 2021",41.46,41.49,40.58,40.99,40.47,"9,990,300",538
"Nov 3, 2021",40.29,41.35,40.03,41.24,40.72,"10,010,600",537
"Nov 2, 2021",40.24,40.5,39.83,40.39,39.88,"7,611,200",536
"Nov 1, 2021",39.15,40.45,38.91,40.42,39.91,"11,401,300",535
"Oct 29, 2021",39.06,39.5,38.81,39.13,38.64,"9,343,800",534
"Oct 28, 2021",39.14,39.37,38.83,39.15,38.66,"7,416,000",533
"Oct 27, 2021",39.84,39.93,39.02,39.07,38.58,"8,341,800",532
"Oct 26, 2021",39.91,40.29,39.46,39.71,39.21,"8,951,200",531
"Oct 25, 2021",39.8,39.91,39.37,39.51,39.01,"9,090,500",530
"Oct 22, 2021",40.01,40.39,39.65,39.74,39.24,"9,461,900",529
"Oct 21, 2021",40.5,40.75,40.02,40.4,39.89,"10,694,400",528
"Oct 20, 2021",40.15,41.07,39.91,40.3,39.79,"15,162,600",527
"Oct 19, 2021",41.03,41.07,40.34,40.45,39.94,"11,314,400",526
"Oct 18, 2021",40.67,41.41,40.52,41.01,40.49,"10,140,200",525
"Oct 15, 2021",41.89,42.27,40.95,40.99,40.47,"13,860,300",524
"Oct 14, 2021",41.18,41.49,40.88,41.2,40.68,"16,285,400",523
"Oct 13, 2021",42.74,42.74,40.89,41.03,40.51,"28,236,900",522
"Oct 12, 2021",43.04,43.81,42.77,43.54,42.99,"10,515,200",521
"Oct 11, 2021",42.99,43.94,42.72,43.19,42.65,"9,085,700",520
"Oct 8, 2021",43.79,43.8,43.09,43.38,42.83,"7,340,600",519
"Oct 7, 2021",44.52,44.58,43.52,43.68,43.13,"8,881,200",518
"Oct 6, 2021",43.71,44.14,43.22,44.02,43.47,"10,145,800",517
"Oct 5, 2021",44.99,45.56,44.46,44.74,44.18,"9,596,000",516
"Oct 4, 2021",45.79,46,44.81,44.96,44.39,"13,342,500",515
"Oct 1, 2021",43.95,45.65,43.89,45.38,44.81,"19,205,700",514
"Sep 30, 2021",43.06,43.08,42.37,42.61,42.07,"9,789,200",513
"Sep 29, 2021",43.69,43.99,42.75,43.36,42.81,"9,141,100",512
"Sep 28, 2021",43.66,44.21,43.31,43.44,42.89,"9,434,700",511
"Sep 27, 2021",43.9,45.06,43.75,43.78,43.23,"14,467,500",510
"Sep 24, 2021",42.84,43.74,42.67,43.53,42.98,"13,478,500",509
"Sep 23, 2021",41.9,42.77,41.72,42.59,42.05,"12,651,000",508
"Sep 22, 2021",40.68,41.95,40.68,41.59,41.07,"11,599,300",507
"Sep 21, 2021",41.05,41.74,40.14,40.36,39.85,"11,837,600",506
"Sep 20, 2021",40.55,40.84,39.42,40.78,40.27,"16,633,900",505
"Sep 17, 2021",40.55,40.99,39.79,40.11,39.61,"11,011,500",504
"Sep 16, 2021",39.87,40.67,39.68,40.22,39.71,"9,485,200",503
"Sep 15, 2021",39.25,39.7,38.82,39.64,39.14,"8,175,800",502
"Sep 14, 2021",39.84,40.18,39.22,39.44,38.94,"8,837,700",501
"Sep 13, 2021",39.7,40.18,38.8,40.18,39.67,"11,556,300",500
"Sep 10, 2021",41.05,41.13,39.35,39.36,38.87,"12,501,200",499
"Sep 9, 2021",39.62,41.77,39.45,41.09,40.57,"15,509,400",498
"Sep 8, 2021",40.4,40.92,39.6,39.65,39.15,"7,156,100",497
"Sep 7, 2021",40.18,40.52,39.84,40.35,39.84,"8,233,900",496
"Sep 3, 2021",40.8,41.19,40.15,40.25,39.74,"6,644,300",495
"Sep 2, 2021",40.45,41.06,39.86,40.82,40.31,"9,345,500",494
"Sep 1, 2021",40.57,40.58,39.88,40.4,39.89,"8,434,600",493
"Aug 31, 2021",39.73,40.59,39.62,40.44,39.93,"8,627,200",492
"Aug 30, 2021",41.75,41.8,39.88,39.91,39.41,"11,882,100",491
"Aug 27, 2021",40.85,41.75,40.82,41.52,41,"7,936,100",490
"Aug 26, 2021",41.11,41.48,40.28,40.77,40.26,"10,032,900",489
"Aug 25, 2021",40.59,41.44,40.16,41.3,40.78,"12,455,900",488
"Aug 24, 2021",39.86,40.87,39.82,40.53,40.02,"10,805,000",487
"Aug 23, 2021",38.79,39.33,38.63,39.21,38.72,"8,584,700",486
"Aug 20, 2021",37.99,38.25,37.75,38.12,37.64,"8,213,100",485
"Aug 19, 2021",38.43,38.53,37.31,37.93,37.45,"12,294,000",484
"Aug 18, 2021",38.69,39.47,38.4,38.65,38.16,"8,612,300",483
"Aug 17, 2021",39.25,39.46,38.28,38.78,38.29,"11,442,000",482
"Aug 16, 2021",39.45,40.02,38.88,39.93,39.43,"10,923,400",481
"Aug 13, 2021",40.31,40.57,39.79,39.9,39.4,"7,211,800",480
"Aug 12, 2021",41,41.13,40.05,40.53,40.02,"9,802,100",479
"Aug 11, 2021",40,41.3,39.68,41.3,40.78,"12,452,000",478
"Aug 10, 2021",39.35,41.03,39.21,40.46,39.95,"13,745,300",477
"Aug 9, 2021",40.02,40.02,38.75,39.29,38.8,"10,985,000",476
"Aug 6, 2021",40.54,40.68,39.48,40.32,39.81,"11,716,100",475
"Aug 5, 2021",38.49,40.16,38.47,39.99,39.49,"15,652,400",474
"Aug 4, 2021",39.15,39.48,37.9,38.35,37.87,"23,023,700",473
"Aug 3, 2021",39.5,39.85,38.55,39.77,39.27,"14,670,600",472
"Aug 2, 2021",40.04,40.97,39.4,39.45,38.95,"11,084,800",471
"Jul 30, 2021",40.65,41.06,39.75,39.9,39.4,"12,202,300",470
"Jul 29, 2021",41.44,41.63,40.95,41.23,40.71,"8,357,400",469
"Jul 28, 2021",41.37,41.65,40.63,41.3,40.78,"7,538,600",468
"Jul 27, 2021",41.36,41.49,40.5,40.96,40.45,"10,508,200",467
"Jul 26, 2021",40.34,41.7,40.31,41.67,41.15,"10,014,900",466
"Jul 23, 2021",41.32,41.63,40.32,40.41,39.9,"10,101,600",465
"Jul 22, 2021",41.34,41.56,40.41,41.06,40.54,"10,850,600",464
"Jul 21, 2021",41.01,42.2,41,41.61,41.09,"19,145,300",463
"Jul 20, 2021",38.63,40.82,38.43,40.66,40.15,"17,690,600",462
"Jul 19, 2021",38.27,39,37.56,38.56,38.08,"27,073,800",461
"Jul 16, 2021",41.83,42.05,39.84,40.06,39.56,"16,726,600",460
"Jul 15, 2021",41.19,42.27,40.68,41.35,40.83,"20,896,300",459
"Jul 14, 2021",41.53,42.2,40.12,40.68,40.17,"31,085,700",458
"Jul 13, 2021",42.3,42.55,41.19,41.33,40.81,"14,610,400",457
"Jul 12, 2021",42.37,43.38,42.03,42.85,42.31,"10,626,000",456
"Jul 9, 2021",42.47,43.2,42.3,42.92,42.38,"7,707,100",455
"Jul 8, 2021",41.72,42.8,41.12,42.07,41.54,"10,363,900",454
"Jul 7, 2021",42.95,43.47,41.95,42.54,42.01,"11,858,300",453
"Jul 6, 2021",44.31,44.54,43,43.24,42.7,"7,881,000",452
"Jul 2, 2021",44.09,44.3,43.72,44.15,43.59,"5,759,900",451
"Jul 1, 2021",43.5,44.42,43.5,44.23,43.67,"9,873,800",450
"Jun 30, 2021",42.83,43.59,42.81,43.26,42.72,"7,845,500",449
"Jun 29, 2021",43,43.48,42.81,42.87,42.33,"9,477,800",448
"Jun 28, 2021",44.1,44.1,42.58,43.12,42.58,"17,441,500",447
"Jun 25, 2021",44.92,44.98,44.26,44.43,43.87,"23,930,400",446
"Jun 24, 2021",45.57,45.64,44.59,44.91,44.35,"9,300,300",445
"Jun 23, 2021",45.36,45.61,45.01,45.27,44.7,"7,406,100",444
"Jun 22, 2021",45.77,45.79,44.87,45.37,44.8,"8,499,800",443
"Jun 21, 2021",45.04,45.78,44.82,45.77,45.19,"9,861,400",442
"Jun 18, 2021",44.44,45.38,43.95,44.96,44.39,"15,219,300",441
"Jun 17, 2021",45.53,46.05,44.25,44.57,44.01,"10,144,600",440
"Jun 16, 2021",45.57,45.99,45.13,45.52,44.95,"8,565,500",439
"Jun 15, 2021",45.91,46.28,45.31,45.53,44.96,"7,898,500",438
"Jun 14, 2021",46.33,46.79,45.72,45.9,45.32,"11,184,200",437
"Jun 11, 2021",46.07,46.63,46,46.5,45.92,"8,216,100",436
"Jun 10, 2021",47.2,47.44,45.99,46.28,45.7,"9,780,800",435
"Jun 9, 2021",47.35,47.4,46.48,46.52,45.94,"6,741,200",434
"Jun 8, 2021",47.26,47.38,46.38,47.04,46.45,"10,714,100",433
"Jun 7, 2021",45.99,46.38,45.89,46.08,45.5,"6,120,200",432
"Jun 4, 2021",46.54,46.73,45.68,45.98,45.4,"7,699,400",431
"Jun 3, 2021",47.36,47.38,46.07,46.13,45.55,"11,555,600",430
"Jun 2, 2021",48,48.28,47.42,47.77,47.17,"9,108,600",429
"Jun 1, 2021",48.13,48.54,47.43,47.7,47.1,"11,986,200",428
"May 28, 2021",48.05,48.06,47.25,47.68,47.08,"8,370,300",427
"May 27, 2021",48,48.2,47.25,48.05,47.45,"8,680,700",426
"May 26, 2021",47.05,47.57,46.81,47.49,46.89,"9,746,200",425
"May 25, 2021",47.41,48.16,46.51,46.67,46.08,"14,657,000",424
"May 24, 2021",45.57,46.28,45.01,46.17,45.59,"8,409,100",423
"May 21, 2021",45.7,46,45.11,45.21,44.64,"9,894,400",422
"May 20, 2021",46.35,46.37,44.91,45.41,44.84,"12,341,700",421
"May 19, 2021",45.91,46.29,45.13,46.14,45.56,"11,545,800",420
"May 18, 2021",46.95,47.8,46.39,46.73,46.14,"10,684,000",419
"May 17, 2021",46,46.83,45.26,46.75,46.16,"11,077,700",418
"May 14, 2021",44.94,46.44,44.81,46.31,45.73,"11,537,500",417
"May 13, 2021",43.4,44.3,42.94,43.97,43.42,"11,778,100",416
"May 12, 2021",44.14,44.74,42.94,43.03,42.49,"12,187,300",415
"May 11, 2021",44.25,45.05,43.61,44.52,43.96,"14,139,100",414
"May 10, 2021",46.3,46.77,45.41,45.43,44.86,"9,054,200",413
"May 7, 2021",44.87,46.35,44.77,46.11,45.53,"11,195,100",412
"May 6, 2021",45.16,45.51,44.16,44.93,44.37,"9,665,700",411
"May 5, 2021",44.7,45.81,44.56,45.2,44.63,"10,700,100",410
"May 4, 2021",46.25,46.41,44.08,44.66,44.1,"14,790,400",409
"May 3, 2021",47.19,47.23,46.08,46.57,45.98,"9,382,600",408
"Apr 30, 2021",46.03,47.08,45.9,46.92,46.33,"9,175,200",407
"Apr 29, 2021",46.91,47.01,46.06,46.38,45.8,"8,222,300",406
"Apr 28, 2021",46.25,46.75,46.09,46.44,45.86,"7,209,200",405
"Apr 27, 2021",46.66,46.74,46.09,46.34,45.76,"8,151,600",404
"Apr 26, 2021",46.5,47.1,46.12,46.61,46.02,"11,260,000",403
"Apr 23, 2021",44.81,45.94,44.45,45.8,45.22,"9,162,700",402
"Apr 22, 2021",46.06,46.33,44.63,44.65,44.09,"17,303,200",401
"Apr 21, 2021",44,45.74,43.34,45.7,45.13,"16,267,100",400
"Apr 20, 2021",45.5,45.52,43.76,44.45,43.89,"15,627,800",399
"Apr 19, 2021",46.43,46.47,45.63,46.15,45.57,"9,579,400",398
"Apr 16, 2021",47,47.43,46.34,46.64,46.05,"12,236,400",397
"Apr 15, 2021",48.86,49.05,46.15,46.82,46.23,"22,267,900",396
"Apr 14, 2021",49.07,49.5,47.92,48.17,47.56,"12,520,400",395
"Apr 13, 2021",47.45,48.5,46.57,48.26,47.65,"18,287,600",394
"Apr 12, 2021",49.06,49.14,48.17,48.82,48.21,"11,070,300",393
"Apr 9, 2021",49.81,49.81,48.83,49.27,48.65,"9,785,400",392
"Apr 8, 2021",49.75,50.21,49.14,49.81,49.18,"13,546,900",391
"Apr 7, 2021",51.8,51.82,50.03,50.2,49.57,"12,244,300",390
"Apr 6, 2021",50.7,51.81,50.54,51.65,51,"14,652,500",389
"Apr 5, 2021",49.58,50.98,49.47,50.25,49.62,"14,599,900",388
"Apr 1, 2021",48.59,49.21,48.28,48.83,48.22,"9,570,000",387
"Mar 31, 2021",48.8,49.02,48.11,48.28,47.67,"9,469,200",386
"Mar 30, 2021",47.7,49.04,47.42,48.9,48.29,"10,787,500",385
"Mar 29, 2021",47.66,48.1,46.71,47.32,46.73,"9,824,200",384
"Mar 26, 2021",47.5,47.94,46.56,47.66,47.06,"12,361,400",383
"Mar 25, 2021",44.79,47.22,44.52,47.01,46.42,"14,469,100",382
"Mar 24, 2021",46.54,47.4,45.56,45.61,45.04,"12,120,800",381
"Mar 23, 2021",47.02,47.83,45.45,45.64,45.07,"13,616,800",380
"Mar 22, 2021",48.53,48.62,47.75,47.97,47.37,"10,911,100",379
"Mar 19, 2021",49.04,49.21,47.83,49,48.38,"12,123,600",378
"Mar 18, 2021",50.08,50.98,48.93,49.18,48.56,"13,410,100",377
"Mar 17, 2021",49.03,50.64,49.01,50.44,49.81,"13,694,400",376
"Mar 16, 2021",51.04,51.14,49.03,49.39,48.77,"14,281,500",375
"Mar 15, 2021",50.86,52.28,50.75,50.99,50.35,"19,673,700",374
"Mar 12, 2021",48.35,49.86,48.08,49.83,49.2,"15,891,800",373
"Mar 11, 2021",48.21,48.96,47.58,48.32,47.71,"11,318,600",372
"Mar 10, 2021",47.65,48.58,47.16,47.8,47.2,"10,719,300",371
"Mar 9, 2021",47.96,48.08,46.34,47.62,47.02,"11,710,100",370
"Mar 8, 2021",46.93,48.22,46.7,47.88,47.28,"17,273,000",369
"Mar 5, 2021",46.91,47,43.01,46.21,45.63,"20,611,800",368
"Mar 4, 2021",48.32,48.41,45.32,46.96,46.37,"18,062,500",367
"Mar 3, 2021",48.62,49.09,48.14,48.35,47.74,"13,642,700",366
"Mar 2, 2021",48.1,48.68,47.38,48.23,47.62,"11,566,800",365
"Mar 1, 2021",49.47,49.96,48.06,48.06,47.46,"13,812,900",364
"Feb 26, 2021",47.7,49.14,47.28,47.94,47.34,"14,828,000",363
"Feb 25, 2021",49.97,50,47.23,48.25,47.64,"15,729,800",362
"Feb 24, 2021",48.93,50.2,48.62,49.6,48.98,"17,020,900",361
"Feb 23, 2021",48.13,48.88,45.7,48.34,47.73,"19,193,800",360
"Feb 22, 2021",46.75,48.93,46.47,47.74,47.14,"21,573,500",359
"Feb 19, 2021",44.62,46.22,44.55,45.67,45.1,"14,587,700",358
"Feb 18, 2021",43.8,44.55,43.37,44.38,43.82,"8,747,800",357
"Feb 17, 2021",44.28,44.5,43.54,44.39,43.83,"10,934,400",356
"Feb 16, 2021",43.99,44.81,43.78,44.65,44.09,"13,775,500",355
"Feb 12, 2021",42.51,43.94,42.41,43.29,42.75,"11,490,100",354
"Feb 11, 2021",42.7,43.14,42,42.72,42.18,"8,549,200",353
"Feb 10, 2021",42.84,43.22,42.16,42.9,42.36,"12,011,100",352
"Feb 9, 2021",42.96,42.96,41.81,42.51,41.98,"10,432,100",351
"Feb 8, 2021",41.55,43.46,41.36,43.24,42.7,"18,296,300",350
"Feb 5, 2021",41.38,41.4,40.75,41.15,40.63,"10,111,900",349
"Feb 4, 2021",39.95,41.07,39.94,40.93,40.42,"11,431,800",348
"Feb 3, 2021",38.87,39.9,38.7,39.78,39.28,"12,416,000",347
"Feb 2, 2021",38.55,38.88,37.99,38.8,38.31,"11,854,300",346
"Feb 1, 2021",38.35,38.44,37.42,37.82,37.34,"10,332,900",345
"Jan 29, 2021",39.27,39.83,37.74,37.96,37.48,"17,989,700",344
"Jan 28, 2021",39.55,40.37,38.99,40.08,39.58,"21,654,000",343
"Jan 27, 2021",38.63,39.23,38.16,38.52,38.04,"16,953,400",342
"Jan 26, 2021",39.26,39.64,38.98,39.32,38.83,"10,599,400",341
"Jan 25, 2021",39.63,39.75,38.42,38.9,38.41,"15,964,900",340
"Jan 22, 2021",40,40.27,39.81,40,39.5,"11,310,100",339
"Jan 21, 2021",41.31,41.43,40.17,40.67,40.16,"11,134,200",338
"Jan 20, 2021",40.69,41.77,40.5,41.62,41.1,"11,335,700",337
"Jan 19, 2021",40.31,40.65,39.8,40.31,39.8,"11,530,700",336
"Jan 15, 2021",41.67,41.67,39.96,39.98,39.48,"15,465,500",335
"Jan 14, 2021",41.21,42.64,41.12,41.47,40.95,"17,658,300",334
"Jan 13, 2021",40.01,40.74,39.63,40.45,39.94,"10,852,500",333
"Jan 12, 2021",39.69,40.41,39.16,40.3,39.79,"9,725,000",332
"Jan 11, 2021",39.08,39.99,38.9,39.41,38.91,"11,748,800",331
"Jan 8, 2021",40.41,40.69,39.77,40.02,39.52,"9,497,500",330
"Jan 7, 2021",40.45,40.95,40.21,40.23,39.72,"9,136,300",329
"Jan 6, 2021",39.64,40.9,39.54,40.38,39.87,"12,881,100",328
"Jan 5, 2021",38.49,40.09,38.45,39.55,39.05,"12,317,200",327
"Jan 4, 2021",40.17,40.34,38.33,38.73,38.24,"15,123,400",326
"Dec 31, 2020",40.3,40.74,39.76,40.21,39.7,"8,705,700",325
"Dec 30, 2020",40,40.91,39.89,40.56,40.05,"8,504,600",324
"Dec 29, 2020",40.84,40.84,39.9,40.03,39.53,"8,142,800",323
"Dec 28, 2020",40.27,40.78,40.01,40.15,39.65,"10,654,400",322
"Dec 24, 2020",40.42,40.44,39.6,39.73,39.23,"5,176,400",321
"Dec 23, 2020",39.3,40.47,39.18,40.24,39.73,"12,659,700",320
"Dec 22, 2020",40.43,40.49,38.84,38.94,38.45,"13,461,200",319
"Dec 21, 2020",39.56,40.35,39.16,40.14,39.64,"16,976,800",318
"Dec 18, 2020",40.88,41.03,40.28,40.68,40.17,"14,312,400",317
"Dec 17, 2020",41.3,41.42,40.61,41.11,40.59,"9,656,700",316
"Dec 16, 2020",41.75,41.81,40.66,41.08,40.56,"11,010,600",315
"Dec 15, 2020",41.2,41.93,40.16,41.85,41.32,"11,433,200",314
"Dec 14, 2020",42.25,42.38,40.67,40.69,40.18,"12,445,200",313
"Dec 11, 2020",42.01,42.43,41.14,41.74,41.22,"12,223,100",312
"Dec 10, 2020",41.16,42.75,41.07,42.62,42.08,"10,680,700",311
"Dec 9, 2020",43.05,43.48,41.33,42.11,41.58,"16,348,300",310
"Dec 8, 2020",41.95,42.88,41.77,42.41,41.88,"11,530,300",309
"Dec 7, 2020",42.4,42.83,41.74,42.35,41.82,"13,169,100",308
"Dec 4, 2020",43.2,43.49,42.07,42.36,41.83,"18,453,400",307
"Dec 3, 2020",41.7,43.76,41.56,42.95,42.41,"24,526,800",306
"Dec 2, 2020",39.81,41.28,39.06,41.07,40.55,"12,937,300",305
"Dec 1, 2020",40.79,41.06,39.92,39.96,39.46,"13,184,200",304
"Nov 30, 2020",40.53,41.05,39.35,40.25,39.74,"16,732,600",303
"Nov 27, 2020",41.79,42.19,40.78,41.06,40.54,"10,516,600",302
"Nov 25, 2020",40.8,41.49,40.05,41.29,40.77,"14,588,900",301
"Nov 24, 2020",40.05,41.29,39.41,41.26,40.74,"23,818,000",300
"Nov 23, 2020",37.8,38.85,37.43,38.79,38.3,"14,802,900",299
"Nov 20, 2020",37.99,38.09,36.97,37.13,36.66,"12,490,500",298
"Nov 19, 2020",37.59,38.13,37.48,37.91,37.43,"13,981,600",297
"Nov 18, 2020",38.09,39.3,37.89,37.91,37.43,"21,199,200",296
"Nov 17, 2020",37.4,38.05,36.66,37.6,37.13,"16,952,700",295
"Nov 16, 2020",38.43,38.65,37.24,38,37.52,"25,376,600",294
"Nov 13, 2020",34.95,36.67,34.85,36.46,36,"20,832,400",293
"Nov 12, 2020",34.09,35.55,34.02,34.38,33.95,"21,676,300",292
"Nov 11, 2020",36.64,36.79,34.73,35.02,34.58,"20,970,400",291
"Nov 10, 2020",36.1,37.17,35.69,37.04,36.57,"28,449,400",290
"Nov 9, 2020",37.4,38.69,34.68,36.77,36.31,"58,086,400",289
"Nov 6, 2020",31.67,31.84,31.03,31.42,31.02,"11,821,100",288
"Nov 5, 2020",30.85,32.26,30.8,31.98,31.58,"13,145,100",287
"Nov 4, 2020",30.91,31.31,30.11,30.43,30.05,"12,348,500",286
"Nov 3, 2020",30.94,31.36,30.64,30.9,30.51,"14,257,900",285
"Nov 2, 2020",30.62,30.63,29.67,30.22,29.84,"14,200,900",284
"Oct 30, 2020",30.52,30.99,29.99,30.64,30.25,"15,229,400",283
"Oct 29, 2020",29.46,30.91,29.34,30.76,30.37,"16,962,300",282
"Oct 28, 2020",29.76,30.15,28.74,29.65,29.28,"22,720,900",281
"Oct 27, 2020",31.75,32.06,30.69,30.71,30.32,"13,442,000",280
"Oct 26, 2020",33.5,33.5,31.53,31.93,31.53,"16,558,300",279
"Oct 23, 2020",33.52,34.04,32.9,34,33.57,"15,247,300",278
"Oct 22, 2020",31.87,33.81,31.72,33.72,33.3,"25,713,700",277
"Oct 21, 2020",31.89,31.94,31.37,31.5,31.1,"11,292,300",276
"Oct 20, 2020",31.97,32.41,31.59,31.98,31.58,"14,244,300",275
"Oct 19, 2020",31.7,32.27,31.31,31.5,31.1,"14,588,700",274
"Oct 16, 2020",31.4,31.76,31.24,31.47,31.07,"11,143,600",273
"Oct 15, 2020",31.38,31.46,30.69,31.34,30.95,"11,922,300",272
"Oct 14, 2020",31.77,32.32,31.65,31.76,31.36,"16,497,900",271
"Oct 13, 2020",31.9,32.39,31.48,31.77,31.37,"22,421,200",270
"Oct 12, 2020",32.68,32.81,32.3,32.64,32.23,"12,065,800",269
"Oct 9, 2020",32.71,33.27,32.29,32.81,32.4,"16,730,600",268
"Oct 8, 2020",32.69,33,31.92,32.68,32.27,"18,123,800",267
"Oct 7, 2020",32.22,32.36,31.64,32.15,31.75,"15,416,600",266
"Oct 6, 2020",32.63,32.72,30.91,31.06,30.67,"20,317,100",265
"Oct 5, 2020",32.35,32.43,31.52,32,31.6,"14,807,100",264
"Oct 2, 2020",29.75,32.3,29.61,31.75,31.35,"27,126,000",263
"Oct 1, 2020",30.99,31.36,30.58,31.1,30.71,"12,501,900",262
"Sep 30, 2020",30.99,31.85,30.48,30.58,30.2,"16,664,100",261
"Sep 29, 2020",31.1,31.11,30.3,30.61,30.23,"14,785,600",260
"Sep 28, 2020",30.6,31.96,30.14,31.34,30.95,"22,098,400",259
"Sep 25, 2020",28.82,29.79,28.78,29.78,29.41,"21,831,500",258
"Sep 24, 2020",29.12,29.51,27.92,29.01,28.65,"22,257,800",257
"Sep 23, 2020",30.44,31.03,29.49,29.56,29.19,"17,358,100",256
"Sep 22, 2020",29.81,30.54,29.72,30.22,29.84,"18,035,300",255
"Sep 21, 2020",31.16,31.2,29.42,29.82,29.45,"34,449,900",254
"Sep 18, 2020",33.22,34.02,32.58,32.84,32.43,"35,079,200",253
"Sep 17, 2020",33.97,35.07,33.64,33.96,33.53,"26,014,800",252
"Sep 16, 2020",33.8,34.99,33.19,34.57,34.14,"26,009,000",251
"Sep 15, 2020",33.2,34.48,33.1,33.51,33.09,"22,656,400",250
"Sep 14, 2020",32.29,32.9,32.01,32.82,32.41,"16,333,000",249
"Sep 11, 2020",31.81,32.13,31.34,31.7,31.3,"14,344,100",248
"Sep 10, 2020",32.18,32.71,31.67,31.79,31.39,"17,711,300",247
"Sep 9, 2020",32.17,32.44,31.32,31.76,31.36,"19,362,700",246
"Sep 8, 2020",31.4,33.1,31.34,32.54,32.13,"28,129,400",245
"Sep 4, 2020",31.79,32.37,30.61,31.77,31.37,"25,878,700",244
"Sep 3, 2020",31.63,32.53,30.47,31.22,30.83,"29,474,900",243
"Sep 2, 2020",30.4,31.3,30.14,31.14,30.75,"16,307,700",242
"Sep 1, 2020",30.02,31.61,29.75,30.71,30.32,"20,041,500",241
"Aug 31, 2020",31.81,32.01,30.8,30.85,30.46,"18,262,700",240
"Aug 28, 2020",31.25,31.99,30.73,31.99,31.59,"20,469,700",239
"Aug 27, 2020",30.81,32.21,30.62,30.82,30.43,"31,795,200",238
"Aug 26, 2020",30.01,30.22,29.62,29.95,29.57,"18,877,300",237
"Aug 25, 2020",30,30.28,29.33,30.1,29.72,"31,001,900",236
"Aug 24, 2020",27.66,29.8,27.54,29.8,29.43,"34,251,000",235
"Aug 21, 2020",27.56,27.86,27.17,27.27,26.93,"10,897,500",234
"Aug 20, 2020",27.52,27.79,27.02,27.62,27.27,"14,010,200",233
"Aug 19, 2020",27.75,29.12,27.56,27.67,27.32,"21,082,100",232
"Aug 18, 2020",28,28.28,27.37,27.63,27.28,"14,222,500",231
"Aug 17, 2020",29.04,29.04,27.76,28.02,27.67,"14,569,000",230
"Aug 14, 2020",28.3,29.19,28.15,28.95,28.59,"13,107,800",229
"Aug 13, 2020",28.6,29.58,28.49,28.7,28.34,"15,767,700",228
"Aug 12, 2020",30.04,30.28,28.36,29.09,28.72,"26,590,000",227
"Aug 11, 2020",30.79,30.82,29.43,29.64,29.27,"37,293,000",226
"Aug 10, 2020",27.46,29.41,27.38,29.34,28.97,"34,084,900",225
"Aug 7, 2020",26.7,27.2,26.47,27.18,26.84,"15,254,500",224
"Aug 6, 2020",26.9,27.3,26.13,27.08,26.74,"30,682,500",223
"Aug 5, 2020",26.22,27.04,25.75,26.47,26.14,"27,782,100",222
"Aug 4, 2020",25.45,26.22,25.31,25.67,25.35,"17,233,600",221
"Aug 3, 2020",24.85,25.48,24.38,25.2,24.88,"16,590,400",220
"Jul 31, 2020",24.8,25.01,24.43,24.97,24.66,"17,106,500",219
"Jul 30, 2020",25.25,25.38,24.82,24.94,24.63,"16,844,000",218
"Jul 29, 2020",26.02,26.19,25.38,25.72,25.4,"14,459,700",217
"Jul 28, 2020",25.35,26.3,25.34,25.94,25.61,"18,615,600",216
"Jul 27, 2020",25.95,26.16,25.37,25.5,25.18,"18,849,800",215
"Jul 24, 2020",26.48,26.64,25.88,25.96,25.63,"16,774,900",214
"Jul 23, 2020",26,27.7,25.78,26.78,26.44,"28,110,700",213
"Jul 22, 2020",26.23,26.82,26.11,26.25,25.92,"16,710,800",212
"Jul 21, 2020",26.5,26.95,26.35,26.43,26.1,"20,930,300",211
"Jul 20, 2020",27,27.42,26.03,26.22,25.89,"21,574,500",210
"Jul 17, 2020",27.33,27.73,26.94,27.05,26.71,"20,920,100",209
"Jul 16, 2020",27.56,27.95,27.04,27.26,26.92,"25,914,200",208
"Jul 15, 2020",27.5,28.88,26.92,28.6,28.24,"47,726,600",207
"Jul 14, 2020",25.64,26.75,25.46,26.11,25.78,"42,273,300",206
"Jul 13, 2020",27.23,27.62,26.31,26.82,26.48,"34,133,100",205
"Jul 10, 2020",25.3,27.26,25.15,27.09,26.75,"31,349,400",204
"Jul 9, 2020",26.79,26.92,25.22,25.65,25.33,"31,219,800",203
"Jul 8, 2020",26.65,27.28,26.2,27.01,26.67,"27,214,100",202
"Jul 7, 2020",27.86,27.95,26.86,27.01,26.67,"24,598,100",201
"Jul 6, 2020",28.24,28.63,27.28,28.44,28.08,"27,345,200",200
"Jul 2, 2020",28.54,28.73,27.6,27.72,27.37,"29,240,100",199
"Jul 1, 2020",29.02,29.85,27.49,27.7,27.35,"39,305,300",198
"Jun 30, 2020",28.35,28.66,27.6,28.05,27.7,"27,054,800",197
"Jun 29, 2020",27.2,28.82,26.58,28.61,28.25,"38,727,300",196
"Jun 26, 2020",28.02,28.1,26.24,26.91,26.57,"45,683,400",195
"Jun 25, 2020",26.52,28.16,26.27,28.01,27.66,"37,309,400",194
"Jun 24, 2020",28.75,28.99,26.93,27.34,27,"45,272,500",193
"Jun 23, 2020",29.53,29.65,28.73,29.64,29.27,"33,475,000",192
"Jun 22, 2020",29.03,29.84,28.56,29.31,28.94,"42,192,700",191
"Jun 19, 2020",31.51,31.52,29.02,29.51,29.14,"48,103,900",190
"Jun 18, 2020",29.88,31.15,29.6,30.79,30.4,"40,662,600",189
"Jun 17, 2020",30.84,31.16,30.08,30.72,30.33,"37,722,100",188
"Jun 16, 2020",32.63,33.02,30.61,31.3,30.91,"63,426,700",187
"Jun 15, 2020",28.3,30.97,28,30.46,30.08,"64,288,700",186
"Jun 12, 2020",29.89,30.74,28.75,30.43,30.05,"68,352,400",185
"Jun 11, 2020",26.65,29.57,26.6,27.2,26.86,"88,001,500",184
"Jun 10, 2020",32.24,32.99,29.76,31.64,31.24,"90,379,400",183
"Jun 9, 2020",34.5,34.73,32.65,34.17,33.74,"60,254,500",182
"Jun 8, 2020",36.63,37.08,35.38,36.97,36.51,"82,137,300",181
"Jun 5, 2020",37.2,37.24,33.45,34.16,33.73,"130,685,400",180
"Jun 4, 2020",30.27,32.81,29.22,32.38,31.97,"134,626,500",179
"Jun 3, 2020",27.01,28.6,26.7,28.47,28.11,"65,011,100",178
"Jun 2, 2020",26.68,26.98,25.94,26.41,26.08,"43,200,400",177
"Jun 1, 2020",25.33,26.76,25.08,26.17,25.84,"46,510,800",176
"May 29, 2020",24.62,25.61,24.37,25.21,24.89,"50,424,400",175
"May 28, 2020",26.25,26.36,24.95,25.66,25.34,"53,868,100",174
"May 27, 2020",27.67,27.85,24.73,26.32,25.99,"92,712,000",173
"May 26, 2020",24.48,25.87,24.28,25.65,25.33,"78,557,100",172
"May 22, 2020",23.24,23.4,22.23,22.69,22.4,"37,139,300",171
"May 21, 2020",22.77,23.68,22.67,23.16,22.87,"46,567,200",170
"May 20, 2020",22.34,23.1,22.14,22.72,22.43,"50,857,000",169
"May 19, 2020",22.57,22.57,21.32,21.76,21.49,"70,906,400",168
"May 18, 2020",20.91,21.94,20.55,21.86,21.59,"74,367,700",167
"May 15, 2020",18.97,19.65,18.62,19.19,18.95,"46,861,800",166
"May 14, 2020",18.8,19.54,17.51,19.38,19.14,"88,506,300",165
"May 13, 2020",20.97,20.97,19.09,19.41,19.17,"72,264,900",164
"May 12, 2020",22.1,22.4,21.03,21.03,20.77,"37,466,300",163
"May 11, 2020",22.1,22.51,21.55,22.01,21.73,"39,151,900",162
"May 8, 2020",22.36,22.92,22.05,22.72,22.43,"43,175,900",161
"May 7, 2020",21.07,22.5,21.02,21.68,21.41,"48,328,200",160
"May 6, 2020",21.76,22.1,20.75,21,20.74,"52,949,200",159
"May 5, 2020",23.02,23.5,21.51,21.71,21.44,"51,178,700",158
"May 4, 2020",21.19,22.79,20.5,22.57,22.29,"91,387,100",157
"May 1, 2020",24.95,25.4,23.72,24.12,23.82,"45,146,100",156
"Apr 30, 2020",26.7,27.23,25.5,25.91,25.58,"63,570,700",155
"Apr 29, 2020",25.69,27.6,25.5,27.32,26.98,"81,614,900",154
"Apr 28, 2020",23,24.9,22.65,24.34,24.03,"83,972,100",153
"Apr 27, 2020",22.83,23.44,22,22.16,21.88,"50,561,700",152
"Apr 24, 2020",22.53,22.68,21.75,22.41,22.13,"43,694,600",151
"Apr 23, 2020",22.65,22.96,22.41,22.48,22.2,"43,581,800",150
"Apr 22, 2020",23.88,23.94,21.63,22.47,22.19,"70,143,800",149
"Apr 21, 2020",23.02,23.77,22.8,23.1,22.81,"38,616,700",148
"Apr 20, 2020",23.44,24.12,22.91,23.64,23.34,"42,950,800",147
"Apr 17, 2020",24.15,24.61,23.59,24.27,23.96,"52,594,500",146
"Apr 16, 2020",23.76,23.8,22.63,22.78,22.49,"57,610,200",145
"Apr 15, 2020",24.91,25.5,23.31,24.35,24.04,"88,092,500",144
"Apr 14, 2020",23.99,25.29,23.83,24.54,24.23,"60,843,600",143
"Apr 13, 2020",24.98,25.06,22.08,23.25,22.96,"76,173,000",142
"Apr 9, 2020",25.4,25.53,23.35,24.39,24.08,"91,692,900",141
"Apr 8, 2020",23.09,23.64,22.53,23.23,22.94,"67,565,200",140
"Apr 7, 2020",25.21,25.85,21.9,22.25,21.97,"98,907,200",139
"Apr 6, 2020",22.31,23.5,20.76,22.32,22.04,"95,093,000",138
"Apr 3, 2020",23.03,23.65,21.75,22.48,22.2,"48,967,800",137
"Apr 2, 2020",23.92,24.65,22.51,22.68,22.39,"39,407,400",136
"Apr 1, 2020",26.59,26.59,23.69,23.87,23.57,"56,133,000",135
"Mar 31, 2020",29.35,30.53,28.42,28.53,28.17,"25,002,300",134
"Mar 30, 2020",28.49,29.29,26,28.67,28.31,"29,527,500",133
"Mar 27, 2020",30.72,31.32,29.02,29.55,29.18,"34,960,700",132
"Mar 26, 2020",32.61,35.89,30.42,31.7,31.3,"57,779,500",131
"Mar 25, 2020",31.49,33.28,27.4,31.1,30.71,"70,733,900",130
"Mar 24, 2020",26.26,28.98,24.52,26.89,26.55,"65,730,300",129
"Mar 23, 2020",22.17,22.83,20.6,22.22,21.94,"44,426,400",128
"Mar 20, 2020",23.17,26.85,21.26,21.35,21.08,"55,062,900",127
"Mar 19, 2020",23.36,24.15,20,21.51,21.24,"44,623,400",126
"Mar 18, 2020",29.79,29.79,19.1,23.49,23.19,"64,242,500",125
"Mar 17, 2020",36.23,37.19,30.6,31.74,31.34,"33,097,500",124
"Mar 16, 2020",32.8,38.08,31.23,35.81,35.36,"35,535,400",123
"Mar 13, 2020",38.54,38.74,34.79,38.36,37.88,"33,052,500",122
"Mar 12, 2020",37.47,38.78,33.46,33.71,33.29,"36,331,900",121
"Mar 11, 2020",44,44.34,41.73,42.67,42.13,"23,542,000",120
"Mar 10, 2020",45.57,45.88,41.46,45.47,44.9,"28,693,300",119
"Mar 9, 2020",43.04,45.01,42.43,43.52,42.97,"25,784,700",118
"Mar 6, 2020",43.47,46.93,42.87,45.89,45.31,"25,809,300",117
"Mar 5, 2020",46.5,46.57,44.42,45.01,44.44,"22,918,800",116
"Mar 4, 2020",47.5,48.64,46.02,48.5,47.89,"20,381,800",115
"Mar 3, 2020",49.81,49.97,46.04,46.18,45.6,"26,344,100",114
"Mar 2, 2020",46.22,47.25,44.33,47.16,46.57,"20,098,700",113
"Feb 28, 2020",46.02,47.79,45.14,46.13,45.55,"19,851,300",112
"Feb 27, 2020",46.72,50.98,45.03,48.19,47.58,"21,949,100",111
"Feb 26, 2020",51.44,51.77,49,49.59,48.97,"15,985,900",110
"Feb 25, 2020",54.54,54.71,50.75,50.89,50.25,"15,836,500",109
"Feb 24, 2020",54.83,55.38,53.34,54.23,53.55,"17,983,100",108
"Feb 21, 2020",57.96,58.02,56.87,57.87,57.14,"6,295,600",107
"Feb 20, 2020",58.2,58.99,58.12,58.38,57.65,"5,239,400",106
"Feb 19, 2020",58.49,58.58,58.03,58.51,57.77,"4,399,900",105
"Feb 18, 2020",58.87,59.47,58.41,58.72,57.58,"5,690,600",104
"Feb 14, 2020",59.24,59.47,58.58,58.9,57.76,"3,810,100",103
"Feb 13, 2020",58.75,59.21,58.35,59.13,57.99,"4,353,100",102
"Feb 12, 2020",59.29,59.92,59.18,59.47,58.32,"5,227,500",101
"Feb 11, 2020",58.1,59.1,57.97,58.66,57.52,"4,566,500",100
"Feb 10, 2020",57.54,58.12,57.43,57.71,56.59,"4,541,100",99
"Feb 7, 2020",57.96,58.25,57.52,57.92,56.8,"3,836,800",98
"Feb 6, 2020",59.8,60.03,58.02,58.18,57.05,"5,210,200",97
"Feb 5, 2020",58.97,59.3,58.6,58.89,57.75,"6,067,000",96
"Feb 4, 2020",57.2,58.4,57.15,57.93,56.81,"6,880,800",95
"Feb 3, 2020",56.2,57.25,56,56.04,54.96,"7,497,600",94
"Jan 31, 2020",56.7,57.08,55.43,55.74,54.66,"9,320,800",93
"Jan 30, 2020",55.65,57.18,55.65,57.1,56,"5,980,700",92
"Jan 29, 2020",57.64,57.8,56.57,56.65,55.55,"5,662,000",91
"Jan 28, 2020",57.55,57.97,56.75,57.48,56.37,"6,343,700",90
"Jan 27, 2020",56.49,57.18,55.62,56.83,55.73,"13,090,200",89
"Jan 24, 2020",60.1,60.21,57.84,58.81,57.67,"10,989,500",88
"Jan 23, 2020",59.19,60.38,58.19,60.27,59.1,"7,774,500",87
"Jan 22, 2020",60.63,60.72,59.56,59.64,58.49,"7,096,400",86
"Jan 21, 2020",61.25,61.61,58.43,60.34,59.17,"16,592,000",85
"Jan 17, 2020",62.13,62.48,61.87,62.03,60.83,"5,770,000",84
"Jan 16, 2020",62.06,62.48,61.63,61.88,60.68,"4,950,300",83
"Jan 15, 2020",61.54,61.94,61.03,61.62,60.43,"7,953,400",82
"Jan 14, 2020",62.04,62.25,60.86,61.45,60.26,"16,454,100",81
"Jan 13, 2020",59.03,59.7,59.03,59.49,58.34,"8,414,200",80
"Jan 10, 2020",59.25,59.49,58.62,59.24,58.09,"8,279,700",79
"Jan 9, 2020",59.26,59.47,58.58,58.96,57.82,"5,336,700",78
"Jan 8, 2020",57.75,59.4,57.73,58.85,57.71,"8,519,000",77
"Jan 7, 2020",57.91,58.07,57.47,57.61,56.5,"5,563,000",76
"Jan 6, 2020",56.99,57.76,56.66,57.66,56.54,"5,504,300",75
"Jan 3, 2020",57.5,58.12,56.91,58.06,56.94,"9,078,100",74
"Jan 2, 2020",58.93,59.39,58.45,59.04,57.9,"4,459,200",73
"Dec 31, 2019",58.49,58.73,58.34,58.48,57.35,"2,917,300",72
"Dec 30, 2019",59.25,59.3,58.24,58.66,57.52,"3,779,300",71
"Dec 27, 2019",59.63,59.65,58.79,59.08,57.94,"3,538,600",70
"Dec 26, 2019",59.48,59.72,59.26,59.56,58.41,"2,464,400",69
"Dec 24, 2019",59.66,59.72,59.16,59.39,58.24,"1,076,000",68
"Dec 23, 2019",59.17,59.92,59.03,59.44,58.29,"3,648,100",67
"Dec 20, 2019",59.55,59.58,58.92,58.97,57.83,"6,025,700",66
"Dec 19, 2019",58.62,59.24,58.42,59.14,58,"4,455,700",65
"Dec 18, 2019",59.49,59.64,58.45,58.58,57.45,"5,026,900",64
"Dec 17, 2019",58.42,59.3,58.33,58.69,57.55,"6,663,200",63
"Dec 16, 2019",57.17,58.49,57.15,58.42,57.29,"7,460,700",62
"Dec 13, 2019",56.79,57.29,56.43,56.73,55.63,"4,440,400",61
"Dec 12, 2019",55.91,57.49,55.61,56.69,55.59,"8,868,000",60
"Dec 11, 2019",55.4,55.52,54.95,55.08,54.01,"5,544,300",59
"Dec 10, 2019",55.8,56.37,55.43,55.53,54.46,"4,871,900",58
"Dec 9, 2019",55.99,56.15,55.65,55.8,54.72,"4,057,000",57
"Dec 6, 2019",56.44,56.6,56.12,56.14,55.05,"4,568,200",56
"Dec 5, 2019",56.39,56.41,55.7,55.88,54.8,"3,899,900",55
"Dec 4, 2019",55.95,56.57,55.76,56.06,54.98,"4,760,100",54
"Dec 3, 2019",55.89,56,54.54,55.62,54.54,"6,871,700",53
"Dec 2, 2019",57.25,57.65,56.72,56.75,55.65,"5,628,200",52
"Nov 29, 2019",57.15,57.85,57.01,57.31,56.2,"2,653,600",51
"Nov 27, 2019",57.53,57.58,56.68,57.07,55.97,"4,062,500",50
"Nov 26, 2019",56.32,57.48,56.25,57.46,56.35,"4,888,100",49
"Nov 25, 2019",56.39,56.69,55.69,56.35,55.26,"6,822,400",48
"Nov 22, 2019",55.57,56.13,55.12,56.11,55.02,"9,648,200",47
"Nov 21, 2019",55.74,55.99,55.26,55.31,54.24,"5,021,300",46
"Nov 20, 2019",56.8,56.85,55.28,55.67,54.59,"7,383,600",45
"Nov 19, 2019",57.35,57.49,56.7,57.07,55.97,"4,704,900",44
"Nov 18, 2019",56.78,57.09,56.49,57.08,55.98,"3,788,400",43
"Nov 15, 2019",56.89,57.23,56.82,56.85,55.75,"4,350,100",42
"Nov 14, 2019",56.27,56.75,56.07,56.55,55.46,"3,763,900",41
"Nov 13, 2019",56.74,56.88,56.3,56.5,55.41,"4,110,600",40
"Nov 12, 2019",57.59,57.69,57.04,57.22,56.11,"4,424,700",39
"Nov 11, 2019",57.26,57.52,57.09,57.21,56.1,"3,811,600",38
"Nov 8, 2019",57.48,57.66,57.03,57.58,56.47,"4,821,000",37
"Nov 7, 2019",57.92,58.43,57.58,57.66,56.54,"7,754,400",36
"Nov 6, 2019",57.5,57.6,57.04,57.58,56.47,"5,120,300",35
"Nov 5, 2019",57.28,58.14,57.05,57.51,56.4,"6,915,300",34
"Nov 4, 2019",56.75,56.97,56.42,56.88,55.78,"6,164,400",33
"Nov 1, 2019",55.55,56.07,55.23,56.02,54.94,"5,389,600",32
"Oct 31, 2019",55.02,55.2,54.41,55.08,54.01,"7,024,000",31
"Oct 30, 2019",55.36,55.41,54.81,55.32,54.25,"3,814,100",30
"Oct 29, 2019",55.14,55.87,55.11,55.38,54.31,"4,480,100",29
"Oct 28, 2019",54.72,55.33,54.72,55.17,54.1,"3,966,400",28
"Oct 25, 2019",53.61,54.74,53.6,54.6,53.54,"4,412,800",27
"Oct 24, 2019",54.3,54.66,53.48,53.79,52.75,"4,825,300",26
"Oct 23, 2019",54.05,54.24,53.6,53.81,52.77,"4,876,100",25
"Oct 22, 2019",54.69,54.96,54.06,54.65,53.2,"5,646,900",24
"Oct 21, 2019",54.19,54.98,54.1,54.58,53.13,"6,699,600",23
"Oct 18, 2019",53.19,53.99,53.18,53.83,52.4,"6,966,400",22
"Oct 17, 2019",53.52,53.76,53.25,53.37,51.95,"4,402,000",21
"Oct 16, 2019",53.75,54.13,53.07,53.17,51.76,"5,532,800",20
"Oct 15, 2019",53.21,53.99,53.01,53.64,52.21,"8,413,300",19
"Oct 14, 2019",52.05,53.2,51.97,52.99,51.58,"6,631,900",18
"Oct 11, 2019",53.5,53.77,52.64,52.95,51.54,"10,935,000",17
"Oct 10, 2019",51.95,53.26,51.07,53.1,51.69,"22,703,500",16
"Oct 9, 2019",54.01,54.4,53.59,53.92,52.49,"7,615,300",15
"Oct 8, 2019",53.02,54.1,52.89,53.2,51.79,"8,039,400",14
"Oct 7, 2019",53.75,54.11,53.24,53.36,51.94,"8,659,800",13
"Oct 4, 2019",52.85,53.96,52.68,53.81,52.38,"6,620,900",12
"Oct 3, 2019",53.12,53.86,51.81,52.83,51.43,"14,346,800",11
"Oct 2, 2019",55.74,55.75,52.87,54.35,52.91,"13,770,400",10
"Oct 1, 2019",58.05,58.68,56.65,57.01,55.49,"7,102,200",9
"Sep 30, 2019",58.51,58.69,57.52,57.6,56.07,"5,208,200",8
"Sep 27, 2019",58.97,59.38,58.16,58.28,56.73,"4,395,800",7
"Sep 26, 2019",58.11,58.81,57.93,58.78,57.22,"3,795,400",6
"Sep 25, 2019",58.04,58.49,57.68,58.31,56.76,"3,193,100",5
"Sep 24, 2019",58.62,58.91,57.56,58,56.46,"5,047,700",4
"Sep 23, 2019",58.31,58.66,57.84,58.02,56.48,"4,387,100",3
"Sep 20, 2019",58.8,59.18,58.49,58.63,57.07,"6,139,400",2
"Sep 19, 2019",59.25,59.25,58.31,58.69,57.13,"3,569,900",1
"Sep 18, 2019",59.45,59.5,58.67,59.31,57.73,"4,075,600",0